3rd_age_amulet	5 December 2006	/w/Update:Treasure_Trails,_spiders_and_sheep	True	True	True	True	True	True	Drop	 30300,	 15150	-1	 11893119,	 8,	0.003	['Items', 'Grand Exchange items', 'Tradeable items', "Members' items", 'Equipment', 'Neck slot items', '3rd age equipment', 'Treasure Trails rewards', 'Amulets', 'Magic armour', 'Equipable items']
3rd_age_axe	6 July 2016	/w/Update:Treasure_Trail_Expansion_(2016)	True	True	True	True	True	True	Drop	-1	-1	-1	 460163167,	 40,	1.3	['Items', 'Grand Exchange items', 'Tradeable items', "Members' items", 'Equipment', 'Weapon slot items', 'Axes', '3rd age equipment', 'Treasure Trails rewards', 'Old School-exclusive content', 'Equipable items']
3rd_age_bow	12 June 2014	/w/Update:Treasure_Trail_Expansion	True	True	True	True	True	True	Drop	 90000,	 45000	-1	 331018335,	 8,	1.5	['Items', 'Grand Exchange items', 'Tradeable items', "Members' items", 'Equipment', 'Two-handed slot items', '3rd age equipment', 'Treasure Trails rewards', 'Ranged weapons', 'Old School-exclusive content', 'Equipable items']
3rd_age_cloak	12 June 2014	/w/Update:Treasure_Trail_Expansion	True	True	True	True	True	True	Drop	 51000,	 25500	-1	 265514273,	 8,	3.0	['Items', 'Grand Exchange items', 'Tradeable items', "Members' items", 'Equipment', 'Cape slot items', '3rd age equipment', 'Treasure Trails rewards', 'Old School-exclusive content', 'Prayer items', 'Equipable items']
3rd_age_full_helmet	5 December 2006	/w/Update:Treasure_Trails,_spiders_and_sheep	True	True	True	True	True	True	Drop	 54000,	 27000	-1	 16512601,	 8,	0.907	['Items', 'Grand Exchange items', 'Tradeable items', "Members' items", 'Equipment', 'Head slot items', '3rd age equipment', 'Treasure Trails rewards', 'Helmets', 'Melee armour', 'Equipable items']
3rd_age_kiteshield	5 December 2006	/w/Update:Treasure_Trails,_spiders_and_sheep	True	True	True	True	True	True	Drop	 108000,	 54000	-1	 22709097,	 8,	2.0	['Items', 'Grand Exchange items', 'Tradeable items', "Members' items", 'Equipment', 'Shield slot items', '3rd age equipment', 'Treasure Trails rewards', 'Kiteshields', 'Equipable items']
3rd_age_longsword	12 June 2014	/w/Update:Treasure_Trail_Expansion	True	True	True	True	True	True	Drop	 90000,	 45000	-1	 759567915,	 8,	1.0	['Items', 'Grand Exchange items', 'Tradeable items', "Members' items", 'Equipment', 'Weapon slot items', '3rd age equipment', 'Treasure Trails rewards', 'Slash weapons', 'Old School-exclusive content', 'Equipable items']
3rd_age_mage_hat	5 December 2006	/w/Update:Treasure_Trails,_spiders_and_sheep	True	True	True	True	True	True	Drop	 30240,	 15120	-1	 7693230,	 8,	0.4	['Items', 'Grand Exchange items', 'Tradeable items', "Members' items", 'Equipment', 'Head slot items', '3rd age equipment', 'Treasure Trails rewards', 'Magic armour', 'Equipable items']
3rd_age_pickaxe	6 July 2016	/w/Update:Treasure_Trail_Expansion_(2016)	True	True	True	True	True	True	Drop	-1	-1	-1	 725431415,	 40,	2.2	['Items', 'Grand Exchange items', 'Tradeable items', "Members' items", 'Equipment', 'Weapon slot items', 'Mining', 'Pickaxes', '3rd age equipment', 'Treasure Trails rewards', 'Old School-exclusive content', 'Equipable items']
3rd_age_platebody	5 December 2006	/w/Update:Treasure_Trails,_spiders_and_sheep	True	True	True	True	True	True	Drop	 120000,	 60000	-1	 48254182,	 8,	9.979	['Items', 'Grand Exchange items', 'Tradeable items', "Members' items", 'Equipment', 'Body slot items', '3rd age equipment', 'Treasure Trails rewards', 'Platebodies', 'Equipable items']
3rd_age_platelegs	5 December 2006	/w/Update:Treasure_Trails,_spiders_and_sheep	True	True	True	True	True	True	Drop	 120000,	 60000	-1	 49862118,	 8,	2.721	['Items', 'Grand Exchange items', 'Tradeable items', "Members' items", 'Equipment', 'Leg slot items', '3rd age equipment', 'Treasure Trails rewards', 'Platelegs', 'Equipable items']
3rd_age_range_coif	5 December 2006	/w/Update:Treasure_Trails,_spiders_and_sheep	True	True	True	True	True	True	Drop	 30240,	 15120	-1	 6087616,	 8,	1.0	['Items', 'Grand Exchange items', 'Tradeable items', "Members' items", 'Equipment', 'Head slot items', '3rd age equipment', 'Treasure Trails rewards', 'Ranged armour', 'Equipable items']
3rd_age_range_legs	5 December 2006	/w/Update:Treasure_Trails,_spiders_and_sheep	True	True	True	True	True	True	Drop	 30360,	 15180	-1	 13184807,	 8,	3.0	['Items', 'Grand Exchange items', 'Tradeable items', "Members' items", 'Equipment', 'Leg slot items', '3rd age equipment', 'Treasure Trails rewards', 'Ranged armour', 'Equipable items']
3rd_age_range_top	5 December 2006	/w/Update:Treasure_Trails,_spiders_and_sheep	True	True	True	True	True	True	Drop	 30480,	 15240	-1	 27533291,	 8,	4.0	['Items', 'Grand Exchange items', 'Tradeable items', "Members' items", 'Equipment', 'Body slot items', '3rd age equipment', 'Treasure Trails rewards', 'Ranged armour', 'Equipable items']
3rd_age_robe	5 December 2006	/w/Update:Treasure_Trails,_spiders_and_sheep	True	True	True	True	True	True	Drop	 30360,	 15180	-1	 15662312,	 8,	1.8	['Items', 'Grand Exchange items', 'Tradeable items', "Members' items", 'Equipment', 'Leg slot items', '3rd age equipment', 'Treasure Trails rewards', 'Magic armour', 'Equipable items']
3rd_age_robe_top	5 December 2006	/w/Update:Treasure_Trails,_spiders_and_sheep	True	True	True	True	True	True	Drop	 30480,	 15240	-1	 55984034,	 8,	2.7	['Items', 'Grand Exchange items', 'Tradeable items', "Members' items", 'Equipment', 'Body slot items', '3rd age equipment', 'Treasure Trails rewards', 'Magic armour', 'Equipable items']
3rd_age_vambraces	5 December 2006	/w/Update:Treasure_Trails,_spiders_and_sheep	True	True	True	True	True	True	Drop	 30300,	 15150	-1	 4838818,	 8,	1.0	['Items', 'Grand Exchange items', 'Tradeable items', "Members' items", 'Equipment', 'Hand slot items', '3rd age equipment', 'Treasure Trails rewards', 'Ranged armour', 'Equipable items']
3rd_age_wand	12 June 2014	/w/Update:Treasure_Trail_Expansion	True	True	True	True	True	True	Drop	 90000,	 45000	-1	 94416463,	 8,	3.0	['Items', 'Grand Exchange items', 'Tradeable items', "Members' items", 'Equipment', 'Weapon slot items', '3rd age equipment', 'Treasure Trails rewards', 'Magic weapons', 'Old School-exclusive content', 'Equipable items']
A_powdered_wig	5 December 2006	/w/Update:Treasure_Trails,_spiders_and_sheep	True	True	True	True	True	True	Drop	 1200,	 600	-1	 16322,	 4,	0.4	['Items', 'Grand Exchange items', 'Tradeable items', "Members' items", 'Equipment', 'Head slot items', 'Treasure Trails rewards', 'Emote enhancers', 'Equipable items']
Abyssal_bludgeon	1 October 2015	/w/Update:The_Abyssal_Sire	True	True	True	True	True	True	Drop	-1	-1	-1	 28474941,	 8,	6.0	['Items', 'Grand Exchange items', 'Tradeable items', "Members' items", 'Equipment', 'Two-handed slot items', 'Crush weapons', 'Old School-exclusive content', 'Melee weapons', 'Weapons with Special attacks', 'Equipable items']
Abyssal_bracelet(5)	30 April 2007	/w/Update:24_Carat_Update	True	True	True	True	True	True	Drop	 2520,	 1260	-1	 2266,	 10000,	0.25	['Items', 'Grand Exchange items', 'Tradeable items', "Members' items", 'Non-GE items', 'Equipment', 'Hand slot items', 'Bracelets', 'Diamond', 'Equipable items', 'Pages that contain switch infobox data']
Abyssal_dagger_(p++)	1 October 2015	/w/Update:The_Abyssal_Sire	True	True	True	True	True	True	Drop	-1	-1	-1	 9786317,	 8,	0.0	['Items', 'Grand Exchange items', 'Tradeable items', "Members' items", 'Equipment', 'Weapon slot items', 'Stab weapons', 'Old School-exclusive content', 'Daggers', 'Melee weapons', 'Weapons with Special attacks', 'Equipable items', 'Pages that contain switch infobox data']
Abyssal_dagger_(p)	1 October 2015	/w/Update:The_Abyssal_Sire	True	True	True	True	True	True	Drop	-1	-1	-1	 10060488,	 8,	0.0	['Items', 'Grand Exchange items', 'Tradeable items', "Members' items", 'Equipment', 'Weapon slot items', 'Stab weapons', 'Old School-exclusive content', 'Daggers', 'Melee weapons', 'Weapons with Special attacks', 'Equipable items', 'Pages that contain switch infobox data']
Abyssal_dagger	1 October 2015	/w/Update:The_Abyssal_Sire	True	True	True	True	True	True	Drop	-1	-1	-1	 9809120,	 8,	0.0	['Items', 'Grand Exchange items', 'Tradeable items', "Members' items", 'Equipment', 'Weapon slot items', 'Stab weapons', 'Old School-exclusive content', 'Daggers', 'Melee weapons', 'Weapons with Special attacks', 'Equipable items', 'Pages that contain switch infobox data']
Abyssal_dagger_(p+)	1 October 2015	/w/Update:The_Abyssal_Sire	True	True	True	True	True	True	Drop	-1	-1	-1	 10081455,	 8,	0.0	['Items', 'Grand Exchange items', 'Tradeable items', "Members' items", 'Equipment', 'Weapon slot items', 'Stab weapons', 'Old School-exclusive content', 'Daggers', 'Melee weapons', 'Weapons with Special attacks', 'Equipable items', 'Pages that contain switch infobox data']
Abyssal_whip	26 January 2005	/w/Update:Slayer_Skill	True	True	True	True	True	True	Drop	 72000,	 36000	-1	 2548555,	 70,	0.453	['Items', 'Grand Exchange items', 'Tradeable items', "Members' items", 'Equipment', 'Weapon slot items', 'Slash weapons', 'Melee weapons', 'Slayer', 'Weapons with Special attacks', 'Items needed for an emote clue', 'Equipable items']
Achey_tree_logs	18 May 2004	/w/Update:Big_Chompy_Bird_Hunting	True	True	True	True	True	True	Drop	-1	-1	4	 237,	 13000,	1.36	['Items', 'Grand Exchange items', 'Tradeable items', "Members' items", 'Logs', 'Woodcutting', 'Fletching', 'Big Chompy Bird Hunting']
Acorn	11 July 2005	/w/Update:Farming	True	True	True	True	True	N/A	Drop	-1	-1	-1	 49,	 200,	0.0	['Items', 'Grand Exchange items', 'Tradeable items', 'Stackable items', "Members' items", 'Farming', 'Seeds']
Adamant_2h_sword	4 January 2001	/w/Update:Runescape_beta_is_now_online!	True	True	True	True	True	True	Drop	 3840,	 1920	6400	 3578,	 125,	4.082	['Items', 'Grand Exchange items', 'Tradeable items', 'Free-to-play items', 'Equipment', 'Two-handed slot items', 'Slash weapons', 'Adamant', 'Melee weapons', 'Items needed for an emote clue', 'Equipable items']
Adamant_arrow	25 March 2002	/w/Update:Latest_RuneScape_News_(25_March_2002)	True	True	True	True	True	N/A	Drop	-1	-1	80	 56,	 11000,	0.0	['Items', 'Grand Exchange items', 'Tradeable items', 'Stackable items', "Members' items", 'Free-to-play items', 'Equipment', 'Ammunition slot items', 'Ammunition', 'Adamant', 'Equipable items', 'Pages that contain switch infobox data']
Adamant_arrow(p)	25 March 2002	/w/Update:Latest_RuneScape_News_(25_March_2002)	True	True	True	True	True	N/A	Drop	-1	-1	-1	 174,	 11000,	0.0	['Items', 'Grand Exchange items', 'Tradeable items', 'Stackable items', "Members' items", 'Free-to-play items', 'Equipment', 'Ammunition slot items', 'Ammunition', 'Adamant', 'Equipable items', 'Pages that contain switch infobox data']
Adamant_arrow(p+)	11 July 2005	/w/Update:Farming	True	True	True	True	True	N/A	Drop	-1	-1	-1	 513,	 11000,	0.0	['Items', 'Grand Exchange items', 'Tradeable items', 'Stackable items', "Members' items", 'Free-to-play items', 'Equipment', 'Ammunition slot items', 'Ammunition', 'Adamant', 'Equipable items', 'Pages that contain switch infobox data']
Adamant_arrow(p++)	11 July 2005	/w/Update:Farming	True	True	True	True	True	N/A	Drop	-1	-1	-1	 59,	 11000,	0.0	['Items', 'Grand Exchange items', 'Tradeable items', 'Stackable items', "Members' items", 'Free-to-play items', 'Equipment', 'Ammunition slot items', 'Ammunition', 'Adamant', 'Equipable items', 'Pages that contain switch infobox data']
Adamant_arrowtips	25 March 2002	/w/Update:Latest_RuneScape_News_(25_March_2002)	True	True	True	True	True	N/A	Drop	-1	-1	40	 98,	 10000,	0.0	['Items', 'Grand Exchange items', 'Tradeable items', 'Stackable items', "Members' items", 'Ammunition', 'Adamant']
Adamant_axe	4 January 2001	/w/Update:Runescape_beta_is_now_online!	True	True	True	True	True	True	Drop	 768,	 384	4096	 724,	 40,	1.587	['Items', 'Grand Exchange items', 'Tradeable items', 'Free-to-play items', 'Equipment', 'Weapon slot items', 'Axes', 'Adamant', 'Melee weapons', 'Equipable items']
Adamant_battleaxe	4 January 2001	/w/Update:Runescape_beta_is_now_online!	True	True	True	True	True	True	Drop	 2496,	 1248	4160	 2218,	 125,	3.175	['Items', 'Grand Exchange items', 'Tradeable items', 'Free-to-play items', 'Equipment', 'Weapon slot items', 'Slash weapons', 'Adamant', 'Melee weapons', 'Equipable items']
Adamant_bolts_(p+)	31 July 2006	/w/Update:Crossbows	True	True	True	True	True	N/A	Drop	-1	-1	-1	 669,	 11000,	0.0	['Items', 'Grand Exchange items', 'Tradeable items', 'Stackable items', "Members' items", 'Equipment', 'Ammunition slot items', 'Bolts', 'Ammunition', 'Adamant', 'Equipable items', 'Pages that contain switch infobox data']
Adamant_bolts_(p++)	31 July 2006	/w/Update:Crossbows	True	True	True	True	True	N/A	Drop	-1	-1	-1	 1895,	 11000,	0.0	['Items', 'Grand Exchange items', 'Tradeable items', 'Stackable items', "Members' items", 'Equipment', 'Ammunition slot items', 'Bolts', 'Ammunition', 'Adamant', 'Equipable items', 'Pages that contain switch infobox data']
Adamant_bolts	31 July 2006	/w/Update:Crossbows	True	True	True	True	True	N/A	Drop	-1	-1	-1	 186,	 11000,	0.0	['Items', 'Grand Exchange items', 'Tradeable items', 'Stackable items', "Members' items", 'Equipment', 'Ammunition slot items', 'Bolts', 'Ammunition', 'Adamant', 'Equipable items', 'Pages that contain switch infobox data']
Adamant_bolts_(p)	31 July 2006	/w/Update:Crossbows	True	True	True	True	True	N/A	Drop	-1	-1	-1	 357,	 11000,	0.0	['Items', 'Grand Exchange items', 'Tradeable items', 'Stackable items', "Members' items", 'Equipment', 'Ammunition slot items', 'Bolts', 'Ammunition', 'Adamant', 'Equipable items', 'Pages that contain switch infobox data']
Adamant_bolts(unf)	31 July 2006	/w/Update:Crossbows	True	True	True	True	True	N/A	Drop	-1	-1	-1	 194,	 13000,	0.0	['Items', 'Grand Exchange items', 'Tradeable items', 'Stackable items', "Members' items", 'Bolts', 'Ammunition', 'Fletching']
Adamant_boots	26 January 2005	/w/Update:Slayer_Skill	True	True	True	True	True	True	Drop	 1152,	 576	-1	 993,	 125,	1.36	['Items', 'Grand Exchange items', 'Tradeable items', "Members' items", 'Equipment', 'Feet slot items', 'Boots', 'Adamant', 'Melee armour', 'Items needed for an emote clue', 'Equipable items']
Adamant_brutal	17 May 2005	/w/Update:Zogre_Flesh_Eaters	True	True	True	True	True	N/A	Drop	-1	-1	-1	 219,	 11000,	0.0	['Items', 'Grand Exchange items', 'Tradeable items', 'Stackable items', "Members' items", 'Equipment', 'Ammunition slot items', 'Ammunition', 'Adamant', 'Equipable items']
Adamant_cane	12 June 2014	/w/Update:Treasure_Trail_Expansion	True	True	True	True	True	True	Drop	 864,	 432	-1	 954,	 4,	0.5	['Items', 'Grand Exchange items', 'Tradeable items', "Members' items", 'Equipment', 'Weapon slot items', 'Crush weapons', 'Adamant', 'Treasure Trails rewards', 'Melee weapons', 'Equipable items']
Adamant_chainbody	4 January 2001	/w/Update:Runescape_beta_is_now_online!	True	True	True	True	True	True	Drop	 2880,	 1440	4800	 2652,	 125,	7.711	['Items', 'Grand Exchange items', 'Tradeable items', 'Free-to-play items', 'Equipment', 'Body slot items', 'Chainbodies', 'Adamant', 'Melee armour', 'Equipable items']
Adamant_claws	9 August 2004	/w/Update:Death_Plateau_Quest	True	True	True	True	True	True	Drop	 720,	 360	-1	 1839,	 125,	0.907	['Items', 'Grand Exchange items', 'Tradeable items', "Members' items", 'Equipment', 'Two-handed slot items', 'Slash weapons', 'Adamant', 'Melee weapons', 'Equipable items']
Adamant_crossbow	31 July 2006	/w/Update:Crossbows	True	True	True	True	True	True	Drop	 1060,	 530	-1	 1453,	 70,	2.0	['Items', 'Grand Exchange items', 'Tradeable items', "Members' items", 'Equipment', 'Weapon slot items', 'Ranged weapons', 'Adamant', 'Crossbows', 'Equipable items']
Adamant_crossbow_(u)	31 July 2006	/w/Update:Crossbows	True	True	True	True	True	True	Drop	 1039,	 519	-1	 1441,	 10000,	8.0	['Items', 'Grand Exchange items', 'Tradeable items', "Members' items", 'Crossbows', 'Fletching']
Adamant_dagger(p+)	11 July 2005	/w/Update:Farming	True	True	True	True	True	True	Drop	 480,	 240	-1	 3455,	 125,	0.51	['Items', 'Grand Exchange items', 'Tradeable items', "Members' items", 'Free-to-play items', 'Equipment', 'Weapon slot items', 'Stab weapons', 'Adamant', 'Daggers', 'Melee weapons', 'Items needed for an emote clue', 'Equipable items', 'Pages that contain switch infobox data']
Adamant_dagger(p)	27 February 2002	/w/Update:Latest_RuneScape_News_(27_February_2002)	True	True	True	True	True	True	Drop	 480,	 240	-1	 627,	 125,	0.51	['Items', 'Grand Exchange items', 'Tradeable items', "Members' items", 'Free-to-play items', 'Equipment', 'Weapon slot items', 'Stab weapons', 'Adamant', 'Daggers', 'Melee weapons', 'Items needed for an emote clue', 'Equipable items', 'Pages that contain switch infobox data']
Adamant_dagger	4 January 2001	/w/Update:Runescape_beta_is_now_online!	True	True	True	True	True	True	Drop	 480,	 240	800	 296,	 125,	0.51	['Items', 'Grand Exchange items', 'Tradeable items', "Members' items", 'Free-to-play items', 'Equipment', 'Weapon slot items', 'Stab weapons', 'Adamant', 'Daggers', 'Melee weapons', 'Items needed for an emote clue', 'Equipable items', 'Pages that contain switch infobox data']
Adamant_dagger(p++)	11 July 2005	/w/Update:Farming	True	True	True	True	True	True	Drop	 480,	 240	-1	 7887,	 125,	0.51	['Items', 'Grand Exchange items', 'Tradeable items', "Members' items", 'Free-to-play items', 'Equipment', 'Weapon slot items', 'Stab weapons', 'Adamant', 'Daggers', 'Melee weapons', 'Items needed for an emote clue', 'Equipable items', 'Pages that contain switch infobox data']
Adamant_dart(p+)	11 July 2005	/w/Update:Farming	True	True	True	True	True	N/A	Drop	-1	-1	-1	 547,	 11000,	0.0	['Items', 'Grand Exchange items', 'Tradeable items', 'Stackable items', "Members' items", 'Equipment', 'Weapon slot items', 'Ranged weapons', 'Adamant', 'Equipable items', 'Pages that contain switch infobox data']
Adamant_dart(p)	14 April 2003	/w/Update:New_Throwing_Weapons!	True	True	True	True	True	N/A	Drop	-1	-1	-1	 168,	 11000,	0.0	['Items', 'Grand Exchange items', 'Tradeable items', 'Stackable items', "Members' items", 'Equipment', 'Weapon slot items', 'Ranged weapons', 'Adamant', 'Equipable items', 'Pages that contain switch infobox data']
Adamant_dart(p++)	11 July 2005	/w/Update:Farming	True	True	True	True	True	N/A	Drop	-1	-1	-1	 1229,	 11000,	0.0	['Items', 'Grand Exchange items', 'Tradeable items', 'Stackable items', "Members' items", 'Equipment', 'Weapon slot items', 'Ranged weapons', 'Adamant', 'Equipable items', 'Pages that contain switch infobox data']
Adamant_dart	14 April 2003	/w/Update:New_Throwing_Weapons!	True	True	True	True	True	N/A	Drop	-1	-1	-1	 170,	 11000,	0.0	['Items', 'Grand Exchange items', 'Tradeable items', 'Stackable items', "Members' items", 'Equipment', 'Weapon slot items', 'Ranged weapons', 'Adamant', 'Equipable items', 'Pages that contain switch infobox data']
Adamant_dart_tip	14 April 2003	/w/Update:New_Throwing_Weapons!	True	True	True	True	True	N/A	Drop	-1	-1	-1	 216,	 11000,	0.0	['Items', 'Grand Exchange items', 'Tradeable items', 'Stackable items', "Members' items", 'Fletching', 'Adamant']
Adamant_full_helm	4 January 2001	/w/Update:Runescape_beta_is_now_online!	True	True	True	True	True	True	Drop	 2112,	 1056	3520	 1856,	 125,	3.175	['Items', 'Grand Exchange items', 'Tradeable items', 'Free-to-play items', 'Equipment', 'Head slot items', 'Helmets', 'Melee armour', 'Adamant', 'Items needed for an emote clue', 'Equipable items']
Adamant_full_helm_(g)	5 May 2004	/w/Update:Bigger_Banks_%26_Treasure_Trails	True	True	True	True	True	True	Drop	 2112,	 1056	-1	 23494,	 8,	3.175	['Items', 'Grand Exchange items', 'Tradeable items', 'Free-to-play items', 'Equipment', 'Head slot items', 'Helmets', 'Melee armour', 'Adamant', 'Equipable items']
Adamant_full_helm_(t)	5 May 2004	/w/Update:Bigger_Banks_%26_Treasure_Trails	True	True	True	True	True	True	Drop	 2112,	 1056	-1	 5913,	 8,	3.175	['Items', 'Grand Exchange items', 'Tradeable items', 'Free-to-play items', 'Equipment', 'Head slot items', 'Helmets', 'Melee armour', 'Adamant', 'Equipable items']
Adamant_gold-trimmed_set_(lg)	26 February 2015	/w/Update:The_Grand_Exchange	True	True	True	True	True	True	Drop	 4800,	 2400	-1	 150639,	 8,	6.0	['Items', 'Grand Exchange items', 'Tradeable items', 'Free-to-play items', 'Item sets', 'Adamant']
Adamant_gold-trimmed_set_(sk)	26 February 2015	/w/Update:The_Grand_Exchange	True	True	True	True	True	True	Drop	 4800,	 2400	-1	 164869,	 8,	6.0	['Items', 'Grand Exchange items', 'Tradeable items', 'Free-to-play items', 'Item sets', 'Adamant']
Adamant_halberd	20 September 2004	/w/Update:Plague_City_Part_4_Released	True	True	True	True	True	True	Drop	 3840,	 1920	8320	 9021,	 125,	3.628	['Items', 'Grand Exchange items', 'Tradeable items', "Members' items", 'Equipment', 'Two-handed slot items', 'Slash weapons', 'Adamant', 'Melee weapons', 'Items needed for an emote clue', 'Equipable items']
Adamant_hasta(p+)	3 July 2007	/w/Update:Barbarian_Training	True	True	True	True	True	True	Drop	 1248,	 624	-1	 5260,	 125,	2.721	['Items', 'Grand Exchange items', 'Tradeable items', 'Untradeable items', "Members' items", 'Non-GE items', 'Equipment', 'Weapon slot items', 'Stab weapons', 'Adamant', 'Melee weapons', 'Equipable items', 'Pages that contain switch infobox data']
Adamant_hasta(p)	3 July 2007	/w/Update:Barbarian_Training	True	True	True	True	True	True	Drop	 1248,	 624	-1	 4951,	 125,	2.721	['Items', 'Grand Exchange items', 'Tradeable items', 'Untradeable items', "Members' items", 'Non-GE items', 'Equipment', 'Weapon slot items', 'Stab weapons', 'Adamant', 'Melee weapons', 'Equipable items', 'Pages that contain switch infobox data']
Adamant_hasta	3 July 2007	/w/Update:Barbarian_Training	True	True	True	True	True	True	Drop	 1248,	 624	-1	 975,	 125,	2.721	['Items', 'Grand Exchange items', 'Tradeable items', 'Untradeable items', "Members' items", 'Non-GE items', 'Equipment', 'Weapon slot items', 'Stab weapons', 'Adamant', 'Melee weapons', 'Equipable items', 'Pages that contain switch infobox data']
Adamant_hasta(p++)	3 July 2007	/w/Update:Barbarian_Training	True	True	True	True	True	True	Drop	 1248,	 624	-1	 7655,	 125,	2.721	['Items', 'Grand Exchange items', 'Tradeable items', 'Untradeable items', "Members' items", 'Non-GE items', 'Equipment', 'Weapon slot items', 'Stab weapons', 'Adamant', 'Melee weapons', 'Equipable items', 'Pages that contain switch infobox data']
Adamant_helm_(h1)	5 December 2006	/w/Update:Treasure_Trails,_spiders_and_sheep	True	True	True	True	True	True	Drop	 2112,	 1056	-1	 4196,	 70,	3.175	['Items', 'Grand Exchange items', 'Tradeable items', 'Free-to-play items', 'Equipment', 'Head slot items', 'Helmets', 'Melee armour', 'Adamant', 'Equipable items']
Adamant_helm_(h2)	5 December 2006	/w/Update:Treasure_Trails,_spiders_and_sheep	True	True	True	True	True	True	Drop	 2112,	 1056	-1	 4106,	 70,	3.175	['Items', 'Grand Exchange items', 'Tradeable items', 'Free-to-play items', 'Equipment', 'Head slot items', 'Helmets', 'Melee armour', 'Adamant', 'Equipable items']
Adamant_helm_(h3)	5 December 2006	/w/Update:Treasure_Trails,_spiders_and_sheep	True	True	True	True	True	True	Drop	 2112,	 1056	-1	 3171,	 70,	3.175	['Items', 'Grand Exchange items', 'Tradeable items', 'Free-to-play items', 'Equipment', 'Head slot items', 'Helmets', 'Melee armour', 'Adamant', 'Equipable items']
Adamant_helm_(h4)	5 December 2006	/w/Update:Treasure_Trails,_spiders_and_sheep	True	True	True	True	True	True	Drop	 2112,	 1056	-1	 4128,	 70,	3.175	['Items', 'Grand Exchange items', 'Tradeable items', 'Free-to-play items', 'Equipment', 'Head slot items', 'Helmets', 'Melee armour', 'Adamant', 'Equipable items']
Adamant_helm_(h5)	5 December 2006	/w/Update:Treasure_Trails,_spiders_and_sheep	True	True	True	True	True	True	Drop	 2112,	 1056	-1	 3717,	 70,	3.175	['Items', 'Grand Exchange items', 'Tradeable items', 'Free-to-play items', 'Equipment', 'Head slot items', 'Helmets', 'Melee armour', 'Adamant', 'Equipable items']
Adamant_javelin	21 January 2004	/w/Update:More_RS2_Updates	True	True	True	True	True	N/A	Drop	-1	-1	208	 43,	 11000,	0.0	['Items', 'Grand Exchange items', 'Tradeable items', 'Stackable items', "Members' items", 'Equipment', 'Ammunition slot items', 'Adamant', 'Ranged weapons', 'Equipable items', 'Pages that contain switch infobox data']
Adamant_javelin(p)	21 January 2004	/w/Update:More_RS2_Updates	True	True	True	True	True	N/A	Drop	-1	-1	-1	 121,	 11000,	0.0	['Items', 'Grand Exchange items', 'Tradeable items', 'Stackable items', "Members' items", 'Equipment', 'Ammunition slot items', 'Adamant', 'Ranged weapons', 'Equipable items', 'Pages that contain switch infobox data']
Adamant_javelin(p+)	11 July 2005	/w/Update:Farming	True	True	True	True	True	N/A	Drop	-1	-1	-1	 113,	 11000,	0.0	['Items', 'Grand Exchange items', 'Tradeable items', 'Stackable items', "Members' items", 'Equipment', 'Ammunition slot items', 'Adamant', 'Ranged weapons', 'Equipable items', 'Pages that contain switch infobox data']
Adamant_javelin(p++)	11 July 2005	/w/Update:Farming	True	True	True	True	True	N/A	Drop	-1	-1	-1	 148,	 11000,	0.0	['Items', 'Grand Exchange items', 'Tradeable items', 'Stackable items', "Members' items", 'Equipment', 'Ammunition slot items', 'Adamant', 'Ranged weapons', 'Equipable items', 'Pages that contain switch infobox data']
Adamant_javelin_heads	6 May 2016	/w/Update:Monkey_Madness_II	True	True	True	True	True	N/A	Drop	-1	-1	-1	 141,	 10000,	0.0	['Items', 'Grand Exchange items', 'Tradeable items', 'Stackable items', "Members' items", 'Adamant', 'Old School-exclusive content']
Adamant_kiteshield	4 January 2001	/w/Update:Runescape_beta_is_now_online!	True	True	True	True	True	True	Drop	 3264,	 1632	-1	 2967,	 125,	5.896	['Items', 'Grand Exchange items', 'Tradeable items', 'Free-to-play items', 'Equipment', 'Shield slot items', 'Kiteshields', 'Adamant', 'Armour', 'Melee armour', 'Equipable items']
Adamant_kiteshield_(g)	5 May 2004	/w/Update:Bigger_Banks_%26_Treasure_Trails	True	True	True	True	True	True	Drop	 3264,	 1632	-1	 34521,	 8,	5.896	['Items', 'Grand Exchange items', 'Tradeable items', 'Free-to-play items', 'Equipment', 'Shield slot items', 'Adamant', 'Melee armour', 'Equipable items']
Adamant_kiteshield_(t)	5 May 2004	/w/Update:Bigger_Banks_%26_Treasure_Trails	True	True	True	True	True	True	Drop	 3264,	 1632	-1	 6460,	 8,	5.896	['Items', 'Grand Exchange items', 'Tradeable items', 'Free-to-play items', 'Equipment', 'Shield slot items', 'Adamant', 'Melee armour', 'Equipable items']
Adamant_knife(p)	14 April 2003	/w/Update:New_Throwing_Weapons!	True	True	True	True	True	N/A	Drop	-1	-1	-1	 507,	 11000,	0.0	['Items', 'Grand Exchange items', 'Tradeable items', 'Stackable items', "Members' items", 'Equipment', 'Weapon slot items', 'Ranged weapons', 'Adamant', 'Throwing knives', 'Equipable items', 'Pages that contain switch infobox data']
Adamant_knife(p++)	11 July 2005	/w/Update:Farming	True	True	True	True	True	N/A	Drop	-1	-1	-1	 1987,	 7000,	0.0	['Items', 'Grand Exchange items', 'Tradeable items', 'Stackable items', "Members' items", 'Equipment', 'Weapon slot items', 'Ranged weapons', 'Adamant', 'Throwing knives', 'Equipable items', 'Pages that contain switch infobox data']
Adamant_knife	14 April 2003	/w/Update:New_Throwing_Weapons!	True	True	True	True	True	N/A	Drop	-1	-1	-1	 342,	 11000,	0.0	['Items', 'Grand Exchange items', 'Tradeable items', 'Stackable items', "Members' items", 'Equipment', 'Weapon slot items', 'Ranged weapons', 'Adamant', 'Throwing knives', 'Equipable items', 'Pages that contain switch infobox data']
Adamant_knife(p+)	11 July 2005	/w/Update:Farming	True	True	True	True	True	N/A	Drop	-1	-1	-1	 306,	 7000,	0.0	['Items', 'Grand Exchange items', 'Tradeable items', 'Stackable items', "Members' items", 'Equipment', 'Weapon slot items', 'Ranged weapons', 'Adamant', 'Throwing knives', 'Equipable items', 'Pages that contain switch infobox data']
Adamant_longsword	4 January 2001	/w/Update:Runescape_beta_is_now_online!	True	True	True	True	True	True	Drop	 1920,	 960	3200	 1674,	 125,	2.041	['Items', 'Grand Exchange items', 'Tradeable items', 'Free-to-play items', 'Equipment', 'Weapon slot items', 'Slash weapons', 'Adamant', 'Melee weapons', 'Equipable items']
Adamant_mace	4 January 2001	/w/Update:Runescape_beta_is_now_online!	True	True	True	True	True	True	Drop	 864,	 432	1440	 640,	 125,	2.041	['Items', 'Grand Exchange items', 'Tradeable items', 'Free-to-play items', 'Equipment', 'Weapon slot items', 'Crush weapons', 'Adamant', 'Melee weapons', 'Maces', 'Equipable items']
Adamant_med_helm	4 January 2001	/w/Update:Runescape_beta_is_now_online!	True	True	True	True	True	True	Drop	 1152,	 576	1920	 919,	 125,	2.267	['Items', 'Grand Exchange items', 'Tradeable items', 'Free-to-play items', 'Equipment', 'Head slot items', 'Helmets', 'Melee armour', 'Adamant', 'Items needed for an emote clue', 'Equipable items']
Adamant_pickaxe	27 May 2003	/w/Update:Sleeping_bags_and_pickaxes	True	True	True	True	True	True	Drop	 1920,	 960	3200	 3927,	 40,	2.721	['Items', 'Grand Exchange items', 'Tradeable items', 'Free-to-play items', 'Equipment', 'Weapon slot items', 'Mining', 'Pickaxes', 'Adamant', 'Tools', 'Melee weapons', 'Equipable items']
Adamant_platebody	4 January 2001	/w/Update:Runescape_beta_is_now_online!	True	True	True	True	True	True	Drop	 9984,	 4992	21632	 9568,	 125,	11.339	['Items', 'Grand Exchange items', 'Tradeable items', 'Free-to-play items', 'Equipment', 'Body slot items', 'Platebodies', 'Adamant', 'Armour', 'Melee armour', 'Items needed for an emote clue', 'Equipable items']
Adamant_platebody_(g)	5 May 2004	/w/Update:Bigger_Banks_%26_Treasure_Trails	True	True	True	True	True	True	Drop	 9984,	 4992	-1	 76871,	 8,	11.339	['Items', 'Grand Exchange items', 'Tradeable items', 'Free-to-play items', 'Equipment', 'Body slot items', 'Adamant', 'Melee armour', 'Equipable items']
Adamant_platebody_(t)	5 May 2004	/w/Update:Bigger_Banks_%26_Treasure_Trails	True	True	True	True	True	True	Drop	 9984,	 4992	-1	 13207,	 8,	11.339	['Items', 'Grand Exchange items', 'Tradeable items', 'Free-to-play items', 'Equipment', 'Body slot items', 'Adamant', 'Melee armour', 'Equipable items']
Adamant_platelegs	4 January 2001	/w/Update:Runescape_beta_is_now_online!	True	True	True	True	True	True	Drop	 3840,	 1920	6400	 3568,	 125,	10.432	['Items', 'Grand Exchange items', 'Tradeable items', 'Free-to-play items', 'Equipment', 'Leg slot items', 'Platelegs', 'Adamant', 'Armour', 'Melee armour', 'Items needed for an emote clue', 'Equipable items']
Adamant_platelegs_(g)	5 May 2004	/w/Update:Bigger_Banks_%26_Treasure_Trails	True	True	True	True	True	True	Drop	 3840,	 1920	-1	 10672,	 8,	10.432	['Items', 'Grand Exchange items', 'Tradeable items', 'Free-to-play items', 'Equipment', 'Leg slot items', 'Adamant', 'Treasure Trails rewards', 'Platelegs', 'Melee armour', 'Equipable items']
Adamant_platelegs_(t)	5 May 2004	/w/Update:Bigger_Banks_%26_Treasure_Trails	True	True	True	True	True	True	Drop	 3840,	 1920	-1	 5085,	 8,	10.432	['Items', 'Grand Exchange items', 'Tradeable items', 'Free-to-play items', 'Equipment', 'Leg slot items', 'Adamant', 'Platelegs', 'Melee armour', 'Equipable items']
Adamant_plateskirt	4 January 2001	/w/Update:Runescape_beta_is_now_online!	True	True	True	True	True	True	Drop	 3840,	 1920	6400	 4221,	 125,	10.432	['Items', 'Grand Exchange items', 'Tradeable items', 'Free-to-play items', 'Equipment', 'Leg slot items', 'Plateskirts', 'Adamant', 'Melee armour', 'Items needed for an emote clue', 'Equipable items']
Adamant_plateskirt_(g)	26 October 2004	/w/Update:Treasure_Trails_and_Changes	True	True	True	True	True	True	Drop	 3840,	 1920	-1	 3793,	 8,	10.432	['Items', 'Grand Exchange items', 'Tradeable items', 'Free-to-play items', 'Equipment', 'Leg slot items', 'Adamant', 'Plateskirts', 'Melee armour', 'Equipable items']
Adamant_plateskirt_(t)	26 October 2004	/w/Update:Treasure_Trails_and_Changes	True	True	True	True	True	True	Drop	 3840,	 1920	-1	 3568,	 8,	10.432	['Items', 'Grand Exchange items', 'Tradeable items', 'Free-to-play items', 'Equipment', 'Leg slot items', 'Plateskirts', 'Adamant', 'Melee armour', 'Equipable items']
Adamant_scimitar	4 January 2001	/w/Update:Runescape_beta_is_now_online!	True	True	True	True	True	True	Drop	 1536,	 768	-1	 1365,	 125,	2.041	['Items', 'Grand Exchange items', 'Tradeable items', 'Free-to-play items', 'Equipment', 'Weapon slot items', 'Slash weapons', 'Adamant', 'Melee weapons', 'Scimitars', 'Equipable items']
Adamant_set_(lg)	26 February 2015	/w/Update:The_Grand_Exchange	True	True	True	True	True	True	Drop	 4800,	 2400	-1	 18295,	 8,	6.0	['Items', 'Grand Exchange items', 'Tradeable items', 'Free-to-play items', 'Item sets', 'Adamant']
Adamant_set_(sk)	26 February 2015	/w/Update:The_Grand_Exchange	True	True	True	True	True	True	Drop	 4800,	 2400	-1	 21123,	 8,	6.0	['Items', 'Grand Exchange items', 'Tradeable items', 'Free-to-play items', 'Item sets', 'Adamant']
Adamant_shield_(h1)	20 February 2006	/w/Update:Updates,_updates_and_more_updates...	True	True	True	True	True	True	Drop	 3264,	 1632	-1	 4014,	 70,	5.896	['Items', 'Grand Exchange items', 'Tradeable items', 'Free-to-play items', 'Equipment', 'Shield slot items', 'Kiteshields', 'Adamant', 'Equipable items']
Adamant_shield_(h2)	20 February 2006	/w/Update:Updates,_updates_and_more_updates...	True	True	True	True	True	True	Drop	 3264,	 1632	-1	 3664,	 70,	5.896	['Items', 'Grand Exchange items', 'Tradeable items', 'Free-to-play items', 'Equipment', 'Shield slot items', 'Kiteshields', 'Adamant', 'Equipable items']
Adamant_shield_(h3)	20 February 2006	/w/Update:Updates,_updates_and_more_updates...	True	True	True	True	True	True	Drop	 3264,	 1632	-1	 3165,	 70,	5.896	['Items', 'Grand Exchange items', 'Tradeable items', 'Free-to-play items', 'Equipment', 'Shield slot items', 'Kiteshields', 'Adamant', 'Equipable items']
Adamant_shield_(h4)	20 February 2006	/w/Update:Updates,_updates_and_more_updates...	True	True	True	True	True	True	Drop	 3264,	 1632	-1	 4260,	 70,	5.896	['Items', 'Grand Exchange items', 'Tradeable items', 'Free-to-play items', 'Equipment', 'Shield slot items', 'Kiteshields', 'Adamant', 'Equipable items']
Adamant_shield_(h5)	20 February 2006	/w/Update:Updates,_updates_and_more_updates...	True	True	True	True	True	True	Drop	 3264,	 1632	-1	 2990,	 70,	5.896	['Items', 'Grand Exchange items', 'Tradeable items', 'Free-to-play items', 'Equipment', 'Shield slot items', 'Kiteshields', 'Adamant', 'Equipable items']
Adamant_spear(p+)	11 July 2005	/w/Update:Farming	True	True	True	True	True	True	Drop	 1248,	 624	2080	 1482,	 125,	2.721	['Items', 'Grand Exchange items', 'Tradeable items', 'Untradeable items', "Members' items", 'Non-GE items', 'Equipment', 'Two-handed slot items', 'Stab weapons', 'Adamant', 'Melee weapons', 'Spears', 'Equipable items', 'Pages that contain switch infobox data']
Adamant_spear	14 April 2003	/w/Update:New_Throwing_Weapons!	True	True	True	True	True	True	Drop	 1248,	 624	2080	 1007,	 125,	2.721	['Items', 'Grand Exchange items', 'Tradeable items', 'Untradeable items', "Members' items", 'Non-GE items', 'Equipment', 'Two-handed slot items', 'Stab weapons', 'Adamant', 'Melee weapons', 'Spears', 'Equipable items', 'Pages that contain switch infobox data']
Adamant_spear(p++)	11 July 2005	/w/Update:Farming	True	True	True	True	True	True	Drop	 1248,	 624	2080	 2968,	 125,	2.721	['Items', 'Grand Exchange items', 'Tradeable items', 'Untradeable items', "Members' items", 'Non-GE items', 'Equipment', 'Two-handed slot items', 'Stab weapons', 'Adamant', 'Melee weapons', 'Spears', 'Equipable items', 'Pages that contain switch infobox data']
Adamant_spear(p)	14 April 2003	/w/Update:New_Throwing_Weapons!	True	True	True	True	True	True	Drop	 1248,	 624	2080	 1001,	 125,	2.721	['Items', 'Grand Exchange items', 'Tradeable items', 'Untradeable items', "Members' items", 'Non-GE items', 'Equipment', 'Two-handed slot items', 'Stab weapons', 'Adamant', 'Melee weapons', 'Spears', 'Equipable items', 'Pages that contain switch infobox data']
Adamant_sq_shield	4 January 2001	/w/Update:Runescape_beta_is_now_online!	True	True	True	True	True	True	Drop	 2304,	 1152	-1	 2022,	 125,	4.082	['Items', 'Grand Exchange items', 'Tradeable items', 'Free-to-play items', 'Equipment', 'Shield slot items', 'Square shields', 'Adamant', 'Melee armour', 'Items needed for an emote clue', 'Equipable items']
Adamant_sword	4 January 2001	/w/Update:Runescape_beta_is_now_online!	True	True	True	True	True	True	Drop	 1248,	 624	2080	 1112,	 125,	2.041	['Items', 'Grand Exchange items', 'Tradeable items', 'Free-to-play items', 'Equipment', 'Weapon slot items', 'Stab weapons', 'Adamant', 'Melee weapons', 'Items needed for an emote clue', 'Equipable items']
Adamant_thrownaxe	21 January 2004	/w/Update:More_RS2_Updates	True	True	True	True	True	N/A	Drop	-1	-1	228	 139,	 11000,	0.0	['Items', 'Grand Exchange items', 'Tradeable items', 'Stackable items', "Members' items", 'Equipment', 'Weapon slot items', 'Ranged weapons', 'Adamant', 'Equipable items']
Adamant_trimmed_set_(lg)	26 February 2015	/w/Update:The_Grand_Exchange	True	True	True	True	True	True	Drop	 4800,	 2400	-1	 37422,	 8,	6.0	['Items', 'Grand Exchange items', 'Tradeable items', 'Free-to-play items', 'Item sets', 'Adamant']
Adamant_trimmed_set_(sk)	26 February 2015	/w/Update:The_Grand_Exchange	True	True	True	True	True	True	Drop	 4800,	 2400	-1	 53690,	 8,	6.0	['Items', 'Grand Exchange items', 'Tradeable items', 'Free-to-play items', 'Item sets', 'Adamant']
Adamant_warhammer	29 March 2004	/w/Update:RS2_Launched!	True	True	True	True	True	True	Drop	 2472,	 1236	5356	 2352,	 125,	2.041	['Items', 'Grand Exchange items', 'Tradeable items', 'Free-to-play items', 'Equipment', 'Weapon slot items', 'Crush weapons', 'Adamant', 'Melee weapons', 'Equipable items']
Adamantite_bar	4 January 2001	/w/Update:Runescape_beta_is_now_online!	True	True	True	True	True	True	Drop	-1	-1	-1	 2077,	 10000,	2.041	['Items', 'Grand Exchange items', 'Tradeable items', 'Free-to-play items', 'Smithing', 'Adamant', 'Metals']
Adamantite_limbs	31 July 2006	/w/Update:Crossbows	True	True	True	True	True	True	Drop	 960,	 480	4800	 2031,	 10000,	3.0	['Items', 'Grand Exchange items', 'Tradeable items', "Members' items", 'Crossbows', 'Fletching']
Adamantite_nails	17 May 2005	/w/Update:Zogre_Flesh_Eaters	True	True	True	True	True	N/A	Drop	-1	-1	-1	 109,	 13000,	0.0	['Items', 'Grand Exchange items', 'Tradeable items', 'Stackable items', "Members' items", 'Construction', 'Adamant']
Adamantite_ore	4 January 2001	/w/Update:Runescape_beta_is_now_online!	True	True	True	True	True	True	Drop	-1	-1	600	 1148,	 4500,	2.721	['Items', 'Grand Exchange items', 'Tradeable items', 'Free-to-play items', 'Mining', 'Adamant', 'Ores']
Admiral_pie	20 February 2006	/w/Update:Updates,_updates_and_more_updates...	True	True	True	True	True	True	Drop	-1	-1	-1	 175,	 10000,	0.001	['Items', 'Grand Exchange items', 'Tradeable items', "Members' items", 'Non-GE items', 'Pies', 'Pages that contain switch infobox data']
Afro	12 June 2014	/w/Update:Treasure_Trail_Expansion	True	True	True	True	True	True	Drop	 410,	 205	-1	 44477,	 4,	0.2	['Items', 'Grand Exchange items', 'Tradeable items', "Members' items", 'Equipment', 'Head slot items', 'Treasure Trails rewards', 'Clothes', 'Equipable items']
Agility_mix(1)	3 July 2007	/w/Update:Barbarian_Training	True	True	True	True	True	True	Drop	-1	-1	-1	 800,	 2000,	0.045	['Items', 'Grand Exchange items', 'Tradeable items', "Members' items", 'Herblore', 'Potions', 'Barbarian mixes', 'Pages that contain switch infobox data']
Agility_mix(2)	3 July 2007	/w/Update:Barbarian_Training	True	True	True	True	True	True	Drop	-1	-1	-1	 1365,	 2000,	0.045	['Items', 'Grand Exchange items', 'Tradeable items', "Members' items", 'Herblore', 'Potions', 'Barbarian mixes', 'Pages that contain switch infobox data']
Agility_potion(3)	27 July 2004	/w/Update:Agility,_Potions_and_Parties!	True	True	True	True	True	True	Drop	-1	-1	-1	 545,	 2000,	0.02	['Items', 'Grand Exchange items', 'Tradeable items', "Members' items", 'Herblore', 'Potions', 'Pages that contain switch infobox data']
Agility_potion(1)	27 July 2004	/w/Update:Agility,_Potions_and_Parties!	True	True	True	True	True	True	Drop	-1	-1	-1	 449,	 2000,	0.02	['Items', 'Grand Exchange items', 'Tradeable items', "Members' items", 'Herblore', 'Potions', 'Pages that contain switch infobox data']
Agility_potion(2)	27 July 2004	/w/Update:Agility,_Potions_and_Parties!	True	True	True	True	True	True	Drop	-1	-1	-1	 596,	 2000,	0.02	['Items', 'Grand Exchange items', 'Tradeable items', "Members' items", 'Herblore', 'Potions', 'Pages that contain switch infobox data']
Agility_potion(4)	27 July 2004	/w/Update:Agility,_Potions_and_Parties!	True	True	True	True	True	True	Drop	-1	-1	-1	 636,	 2000,	0.02	['Items', 'Grand Exchange items', 'Tradeable items', "Members' items", 'Herblore', 'Potions', 'Pages that contain switch infobox data']
Ahrim's_armour_set	10 December 2014	/w/Update:The_Trading_Post	True	True	True	True	True	True	Drop	 120000,	 60000	-1	 4169192,	 8,	0.0	['Items', 'Grand Exchange items', 'Tradeable items', "Members' items", 'Item sets', 'Barrows', 'Magic armour']
Ahrim's_hood_0	9 May 2005	/w/Update:Barrows	True	True	True	True	True	True	Drop (If you drop this item it will break. Are you sure you want to drop it?)	 7800,	 3900	-1	 23934,	 15,	0.9	['Items', 'Grand Exchange items', 'Tradeable items', 'Untradeable items', "Members' items", 'Non-GE items', 'Equipment', 'Head slot items', 'Barrows', 'Magic armour', 'Armour', 'Equipable items', 'Pages that contain switch infobox data']
Ahrim's_hood	9 May 2005	/w/Update:Barrows	True	True	True	True	True	True	Drop (If you drop this item it will break. Are you sure you want to drop it?)	 7800,	 3900	-1	 64549,	 15,	0.9	['Items', 'Grand Exchange items', 'Tradeable items', 'Untradeable items', "Members' items", 'Non-GE items', 'Equipment', 'Head slot items', 'Barrows', 'Magic armour', 'Armour', 'Equipable items', 'Pages that contain switch infobox data']
Ahrim's_robeskirt	9 May 2005	/w/Update:Barrows	True	True	True	True	True	True	Drop (If you drop this item it will break. Are you sure you want to drop it?)	 28200,	 14100	-1	 1904622,	 15,	11.339	['Items', 'Grand Exchange items', 'Tradeable items', 'Untradeable items', "Members' items", 'Non-GE items', 'Equipment', 'Leg slot items', 'Barrows', 'Magic armour', 'Equipable items', 'Pages that contain switch infobox data']
Ahrim's_robeskirt_0	9 May 2005	/w/Update:Barrows	True	True	True	True	True	True	Drop (If you drop this item it will break. Are you sure you want to drop it?)	 28200,	 14100	-1	 1885451,	 15,	11.339	['Items', 'Grand Exchange items', 'Tradeable items', 'Untradeable items', "Members' items", 'Non-GE items', 'Equipment', 'Leg slot items', 'Barrows', 'Magic armour', 'Equipable items', 'Pages that contain switch infobox data']
Ahrim's_robetop_0	9 May 2005	/w/Update:Barrows	True	True	True	True	True	True	Drop (If you drop this item it will break. Are you sure you want to drop it?)	 30000,	 15000	-1	 2035839,	 15,	4.535	['Items', 'Grand Exchange items', 'Tradeable items', 'Untradeable items', "Members' items", 'Non-GE items', 'Equipment', 'Body slot items', 'Barrows', 'Magic armour', 'Equipable items', 'Pages that contain switch infobox data']
Ahrim's_robetop	9 May 2005	/w/Update:Barrows	True	True	True	True	True	True	Drop (If you drop this item it will break. Are you sure you want to drop it?)	 30000,	 15000	-1	 2032214,	 15,	4.535	['Items', 'Grand Exchange items', 'Tradeable items', 'Untradeable items', "Members' items", 'Non-GE items', 'Equipment', 'Body slot items', 'Barrows', 'Magic armour', 'Equipable items', 'Pages that contain switch infobox data']
Ahrim's_staff	9 May 2005	/w/Update:Barrows	True	True	True	True	True	True	Drop (If you drop this item it will break. Are you sure you want to drop it?)	 51000,	 25500	-1	 112795,	 15,	2.267	['Items', 'Grand Exchange items', 'Tradeable items', 'Untradeable items', "Members' items", 'Non-GE items', 'Equipment', 'Weapon slot items', 'Magic weapons', 'Barrows', 'Equipable items', 'Pages that contain switch infobox data']
Ahrim's_staff_0	9 May 2005	/w/Update:Barrows	True	True	True	True	True	True	Drop (If you drop this item it will break. Are you sure you want to drop it?)	 51000,	 25500	-1	 54310,	 15,	2.267	['Items', 'Grand Exchange items', 'Tradeable items', 'Untradeable items', "Members' items", 'Non-GE items', 'Equipment', 'Weapon slot items', 'Magic weapons', 'Barrows', 'Equipable items', 'Pages that contain switch infobox data']
Air_battlestaff	18 March 2002	/w/Update:Latest_RuneScape_News_(18_March_2002)	True	True	True	True	True	True	Drop	 9300,	 4650	-1	 9028,	 18000,	2.267	['Items', 'Grand Exchange items', 'Tradeable items', "Members' items", 'Equipment', 'Weapon slot items', 'Magic weapons', 'Equipable items']
Air_orb	18 March 2002	/w/Update:Latest_RuneScape_News_(18_March_2002)	True	True	True	True	True	True	Drop	-1	-1	-1	 1411,	 10000,	0.453	['Items', 'Grand Exchange items', 'Tradeable items', "Members' items"]
Air_rune	4 January 2001	/w/Update:Runescape_beta_is_now_online!	True	True	True	True	True	N/A	Drop	-1	-1	4	 5,	 20000,	0.0	['Items', 'Grand Exchange items', 'Tradeable items', 'Stackable items', 'Free-to-play items', 'Runes', 'Nightmare Zone']
Air_talisman	1 December 2003	/w/Update:RuneScape_2_Beta_is_Here!	True	True	True	True	True	True	Drop	-1	-1	-1	 111,	 11000,	0.015	['Items', 'Grand Exchange items', 'Tradeable items', 'Free-to-play items', 'Runecraft', 'Rune Mysteries']
Air_tiara	13 June 2005	/w/Update:RuneCraft_Update_and_Tweaks	True	True	True	True	True	True	Drop	-1	-1	-1	 5,	 40,	1.0	['Items', 'Grand Exchange items', 'Tradeable items', 'Free-to-play items', 'Equipment', 'Head slot items', 'Runecraft', 'Tiaras', 'Items needed for an emote clue', 'Equipable items']
Airtight_pot	28 February 2005	/w/Update:One_Small_Favour	True	True	True	True	True	True	Drop	-1	-1	-1	 749,	 15,	0.5	['Items', 'Grand Exchange items', 'Tradeable items', "Members' items", 'Quest items', 'One Small Favour']
Ale_of_the_gods	6 July 2016	/w/Update:Treasure_Trail_Expansion_(2016)	True	True	True	True	True	True	Drop	-1	-1	-1	 2086217,	 4,	0.0	['Items', 'Grand Exchange items', 'Tradeable items', "Members' items", 'Equipment', 'Weapon slot items', 'Treasure Trails rewards', 'Warm clothing', 'Old School-exclusive content', 'Equipable items']
Ale_yeast	11 July 2005	/w/Update:Farming	True	True	True	True	True	True	Drop	-1	-1	-1	 610,	 11000,	2.834	['Items', 'Grand Exchange items', 'Tradeable items', "Members' items"]
Amethyst	22 June 2017	/w/Update:Mining_Guild_Expansion	True	True	True	True	True	True	Drop	-1	-1	-1	 3376,	 13000,	1.3	['Items', 'Grand Exchange items', 'Tradeable items', "Members' items", 'Gems', 'Mining', 'Fletching', 'Old School-exclusive content']
Amethyst_arrow(p++)	22 June 2017	/w/Update:Mining_Guild_Expansion	True	True	True	True	True	N/A	Drop	-1	-1	-1	 1588,	 11000,	0.0	['Items', 'Grand Exchange items', 'Tradeable items', 'Stackable items', "Members' items", 'Equipment', 'Ammunition slot items', 'Ammunition', 'Old School-exclusive content', 'Equipable items', 'Pages that contain switch infobox data']
Amethyst_arrow(p)	22 June 2017	/w/Update:Mining_Guild_Expansion	True	True	True	True	True	N/A	Drop	-1	-1	-1	 327,	 11000,	0.0	['Items', 'Grand Exchange items', 'Tradeable items', 'Stackable items', "Members' items", 'Equipment', 'Ammunition slot items', 'Ammunition', 'Old School-exclusive content', 'Equipable items', 'Pages that contain switch infobox data']
Amethyst_arrow	22 June 2017	/w/Update:Mining_Guild_Expansion	True	True	True	True	True	N/A	Drop	-1	-1	-1	 187,	 11000,	0.0	['Items', 'Grand Exchange items', 'Tradeable items', 'Stackable items', "Members' items", 'Equipment', 'Ammunition slot items', 'Ammunition', 'Old School-exclusive content', 'Equipable items', 'Pages that contain switch infobox data']
Amethyst_arrow(p+)	22 June 2017	/w/Update:Mining_Guild_Expansion	True	True	True	True	True	N/A	Drop	-1	-1	-1	 729,	 11000,	0.0	['Items', 'Grand Exchange items', 'Tradeable items', 'Stackable items', "Members' items", 'Equipment', 'Ammunition slot items', 'Ammunition', 'Old School-exclusive content', 'Equipable items', 'Pages that contain switch infobox data']
Amethyst_arrowtips	22 June 2017	/w/Update:Mining_Guild_Expansion	True	True	True	True	True	N/A	Drop	-1	-1	-1	 219,	 10000,	0.0	['Items', 'Grand Exchange items', 'Tradeable items', 'Stackable items', "Members' items", 'Ammunition', 'Fletching', 'Old School-exclusive content']
Amethyst_bolt_tips	22 June 2017	/w/Update:Mining_Guild_Expansion	True	True	True	True	True	N/A	Drop	-1	-1	-1	 220,	 11000,	0.0	['Items', 'Grand Exchange items', 'Tradeable items', 'Stackable items', "Members' items", 'Bolts', 'Ammunition', 'Fletching', 'Old School-exclusive content']
Amethyst_broad_bolts	22 June 2017	/w/Update:Mining_Guild_Expansion	True	True	True	True	True	N/A	Drop	-1	-1	-1	 281,	 11000,	0.0	['Items', 'Grand Exchange items', 'Tradeable items', 'Stackable items', "Members' items", 'Equipment', 'Ammunition slot items', 'Bolts', 'Ammunition', 'Old School-exclusive content', 'Equipable items']
Amethyst_javelin(p++)	22 June 2017	/w/Update:Mining_Guild_Expansion	True	True	True	True	True	N/A	Drop	-1	-1	-1	 830,	 7000,	0.0	['Items', 'Grand Exchange items', 'Tradeable items', 'Stackable items', "Members' items", 'Equipment', 'Ammunition slot items', 'Old School-exclusive content', 'Equipable items', 'Pages that contain switch infobox data']
Amethyst_javelin(p)	22 June 2017	/w/Update:Mining_Guild_Expansion	True	True	True	True	True	N/A	Drop	-1	-1	-1	 553,	 7000,	0.0	['Items', 'Grand Exchange items', 'Tradeable items', 'Stackable items', "Members' items", 'Equipment', 'Ammunition slot items', 'Old School-exclusive content', 'Equipable items', 'Pages that contain switch infobox data']
Amethyst_javelin	22 June 2017	/w/Update:Mining_Guild_Expansion	True	True	True	True	True	N/A	Drop	-1	-1	-1	 543,	 11000,	0.0	['Items', 'Grand Exchange items', 'Tradeable items', 'Stackable items', "Members' items", 'Equipment', 'Ammunition slot items', 'Old School-exclusive content', 'Equipable items', 'Pages that contain switch infobox data']
Amethyst_javelin(p+)	22 June 2017	/w/Update:Mining_Guild_Expansion	True	True	True	True	True	N/A	Drop	-1	-1	-1	 550,	 7000,	0.0	['Items', 'Grand Exchange items', 'Tradeable items', 'Stackable items', "Members' items", 'Equipment', 'Ammunition slot items', 'Old School-exclusive content', 'Equipable items', 'Pages that contain switch infobox data']
Amethyst_javelin_heads	22 June 2017	/w/Update:Mining_Guild_Expansion	True	True	True	True	True	N/A	Drop	-1	-1	-1	 684,	 10000,	0.0	['Items', 'Grand Exchange items', 'Tradeable items', 'Stackable items', "Members' items", 'Fletching', 'Old School-exclusive content']
Amulet_mould	8 May 2001	/w/Update:Runescape_updated_(8_May_2001)	True	True	True	True	True	True	Drop	-1	-1	5	 15,	 40,	0.453	['Items', 'Grand Exchange items', 'Tradeable items', 'Free-to-play items', 'Crafting items', 'Tools']
Amulet_of_accuracy	16 February 2001	/w/Update:New_quest,_and_more_fixes	True	True	True	True	True	True	Drop	-1	-1	-1	 1238,	 5,	0.0	['Items', 'Grand Exchange items', 'Tradeable items', 'Free-to-play items', 'Quest items', 'Equipment', 'Neck slot items', 'Amulets', 'Imp Catcher', 'Equipable items']
Amulet_of_avarice	26 July 2018	/w/Update:Revenant_Cave_Rewards_and_Troll_Quest_Announcement	True	True	True	True	True	True	Drop	-1	-1	-1	 217468,	 8,	0.0	['Items', 'Grand Exchange items', 'Tradeable items', "Members' items", 'Equipment', 'Neck slot items', 'Revenant Caves', 'Amulets', 'Old School-exclusive content', 'Equipable items']
Amulet_of_bounty	2 February 2017	/w/Update:Silver_Jewellery,_Tournament_World_%26_QoL!	True	True	True	True	True	True	Drop	-1	-1	-1	 473,	 10000,	0.0	['Items', 'Grand Exchange items', 'Tradeable items', "Members' items", 'Equipment', 'Neck slot items', 'Amulets', 'Opal', 'Equipable items']
Amulet_of_chemistry	2 February 2017	/w/Update:Silver_Jewellery,_Tournament_World_%26_QoL!	True	True	True	True	True	True	Drop	-1	-1	-1	 1191,	 200,	0.0	['Items', 'Grand Exchange items', 'Tradeable items', "Members' items", 'Equipment', 'Neck slot items', 'Amulets', 'Jade']
Amulet_of_defence	8 May 2001	/w/Update:Runescape_updated_(8_May_2001)	True	True	True	True	True	True	Drop	 765,	 382	-1	 886,	 125,	0.01	['Items', 'Grand Exchange items', 'Tradeable items', 'Free-to-play items', 'Equipment', 'Neck slot items', 'Amulets', 'Emerald', 'Equipable items']
Amulet_of_eternal_glory	30 June 2016	/w/Update:Item_Incinerator	True	True	True	True	True	True	Drop	-1	-1	-1	 20512136,	 5,	0.01	['Items', 'Grand Exchange items', 'Tradeable items', "Members' items", 'Equipment', 'Neck slot items', 'Dragonstone', 'Amulets', 'Old School-exclusive content', 'Equipable items']
Amulet_of_fury	4 October 2005	/w/Update:TzHaar_Fight_Caves	True	True	True	True	True	True	Drop	 121200,	 60600	-1	 2985757,	 8,	0.01	['Items', 'Grand Exchange items', 'Tradeable items', "Members' items", 'Equipment', 'Neck slot items', 'Onyx', 'Amulets', 'Equipable items']
Amulet_of_glory(4)	27 February 2002	/w/Update:Latest_RuneScape_News_(27_February_2002)	True	True	True	True	True	True	Drop	 10575,	 5287	-1	 12554,	 10000,	0.01	['Items', 'Grand Exchange items', 'Tradeable items', "Members' items", 'Non-GE items', 'Equipment', 'Neck slot items', 'Dragonstone', 'Amulets', 'Prayer items', 'Quest Hall', 'Items needed for an emote clue', 'Equipable items', 'Pages that contain switch infobox data']
Amulet_of_glory(6)	27 March 2014	/w/Update:Wilderness_Feedback_Update	True	True	True	True	True	True	Drop	 10575,	 5287	-1	 13472,	 10000,	0.01	['Items', 'Grand Exchange items', 'Tradeable items', "Members' items", 'Non-GE items', 'Equipment', 'Neck slot items', 'Dragonstone', 'Amulets', 'Prayer items', 'Quest Hall', 'Items needed for an emote clue', 'Equipable items', 'Pages that contain switch infobox data']
Amulet_of_glory	27 February 2002	/w/Update:Latest_RuneScape_News_(27_February_2002)	True	True	True	True	True	True	Drop	 10575,	 5287	-1	 12319,	 10000,	0.01	['Items', 'Grand Exchange items', 'Tradeable items', "Members' items", 'Non-GE items', 'Equipment', 'Neck slot items', 'Dragonstone', 'Amulets', 'Prayer items', 'Quest Hall', 'Items needed for an emote clue', 'Equipable items', 'Pages that contain switch infobox data']
Amulet_of_glory_(t4)	5 December 2006	/w/Update:Treasure_Trails,_spiders_and_sheep	True	True	True	True	True	True	Drop	 10575,	 5287	-1	 72861,	 5,	0.01	['Items', 'Grand Exchange items', 'Tradeable items', "Members' items", 'Non-GE items', 'Equipment', 'Neck slot items', 'Amulets', 'Equipable items', 'Pages that contain switch infobox data']
Amulet_of_glory_(t)	5 December 2006	/w/Update:Treasure_Trails,_spiders_and_sheep	True	True	True	True	True	True	Drop	 10575,	 5287	-1	 80004,	 5,	0.01	['Items', 'Grand Exchange items', 'Tradeable items', "Members' items", 'Non-GE items', 'Equipment', 'Neck slot items', 'Amulets', 'Equipable items', 'Pages that contain switch infobox data']
Amulet_of_glory_(t6)	27 March 2014	/w/Update:Wilderness_Feedback_Update	True	True	True	True	True	True	Drop	 10575,	 5287	-1	 87682,	 5,	0.01	['Items', 'Grand Exchange items', 'Tradeable items', "Members' items", 'Non-GE items', 'Equipment', 'Neck slot items', 'Amulets', 'Equipable items', 'Pages that contain switch infobox data']
Amulet_of_magic	8 May 2001	/w/Update:Runescape_updated_(8_May_2001)	True	True	True	True	True	True	Drop	 540,	 270	-1	 639,	 125,	0.01	['Items', 'Grand Exchange items', 'Tradeable items', 'Free-to-play items', 'Equipment', 'Neck slot items', 'Amulets', 'Equipable items']
Amulet_of_magic_(t)	5 December 2006	/w/Update:Treasure_Trails,_spiders_and_sheep	True	True	True	True	True	True	Drop	 540,	 270	-1	 84598,	 5,	0.01	['Items', 'Grand Exchange items', 'Tradeable items', 'Free-to-play items', 'Equipment', 'Neck slot items', 'Amulets', 'Equipable items']
Amulet_of_power	8 May 2001	/w/Update:Runescape_updated_(8_May_2001)	True	True	True	True	True	True	Drop	 2115,	 1057	-1	 2265,	 125,	0.01	['Items', 'Grand Exchange items', 'Tradeable items', 'Free-to-play items', 'Equipment', 'Neck slot items', 'Amulets', 'Diamond', 'Items needed for an emote clue', 'Equipable items']
Amulet_of_strength	8 May 2001	/w/Update:Runescape_updated_(8_May_2001)	True	True	True	True	True	True	Drop	 1215,	 607	-1	 1301,	 125,	0.01	['Items', 'Grand Exchange items', 'Tradeable items', 'Free-to-play items', 'Equipment', 'Neck slot items', 'Amulets', 'Items needed for an emote clue', 'Equipable items']
Amulet_of_the_damned_(full)	6 November 2014	/w/Update:Amulet_of_the_Damned_%26_CWA	True	True	True	True	True	True	Drop	 34800,	 17400	-1	 128752,	 8,	0.0	['Items', 'Grand Exchange items', 'Tradeable items', 'Untradeable items', "Members' items", 'Non-GE items', 'Equipment', 'Neck slot items', 'Amulets', "Shades of Mort'ton (minigame)", 'Old School-exclusive content', 'Items needed for an emote clue', 'Equipable items', 'Pages that contain switch infobox data']
Amulet_of_torture	6 May 2016	/w/Update:Monkey_Madness_II	True	True	True	True	True	True	Drop	-1	-1	-1	 15427450,	 8,	0.0	['Items', 'Grand Exchange items', 'Tradeable items', "Members' items", 'Equipment', 'Neck slot items', 'Zenyte', 'Old School-exclusive content', 'Amulets', 'Equipable items']
Amylase_crystal	3 July 2014	/w/Update:Halos,_God_Books_%26_Stamina	True	True	True	True	True	N/A	Drop	-1	-1	1	 1284,	 11000,	0.0	['Items', 'Grand Exchange items', 'Tradeable items', 'Stackable items', "Members' items", 'Old School-exclusive content']
Ancestral_hat	5 January 2017	/w/Update:Chambers_of_Xeric	True	True	True	True	True	True	Drop	-1	-1	-1	 12138609,	 8,	0.453	['Items', 'Grand Exchange items', 'Tradeable items', "Members' items", 'Equipment', 'Head slot items', 'Magic armour', 'Chambers of Xeric', 'Old School-exclusive content', 'Equipable items']
Ancestral_robe_bottom	5 January 2017	/w/Update:Chambers_of_Xeric	True	True	True	True	True	True	Drop	-1	-1	-1	 60589699,	 8,	1.814	['Items', 'Grand Exchange items', 'Tradeable items', "Members' items", 'Equipment', 'Leg slot items', 'Magic armour', 'Chambers of Xeric', 'Old School-exclusive content', 'Equipable items']
Ancestral_robe_top	5 January 2017	/w/Update:Chambers_of_Xeric	True	True	True	True	True	True	Drop	-1	-1	-1	 71049745,	 8,	2.721	['Items', 'Grand Exchange items', 'Tradeable items', "Members' items", 'Equipment', 'Body slot items', 'Magic armour', 'Chambers of Xeric', 'Old School-exclusive content', 'Equipable items']
Ancestral_robes_set	19 January 2017	/w/Update:Raids_Tweaks_%26_QoL	True	True	True	True	True	True	Drop	-1	-1	-1	 143762308,	 5,	0.0	['Items', 'Grand Exchange items', 'Tradeable items', "Members' items", 'Item sets']
Anchovies	11 June 2001	/w/Update:New_fishing_skill_and_more_cooking	True	True	True	True	True	True	Drop	-1	-1	-1	 52,	 15000,	0.1	['Items', 'Grand Exchange items', 'Tradeable items', 'Free-to-play items', 'Fish', 'Food']
Anchovy_pizza	11 June 2001	/w/Update:New_fishing_skill_and_more_cooking	True	True	True	True	True	True	Drop	-1	-1	-1	 597,	 10000,	0.9	['Items', 'Grand Exchange items', 'Tradeable items', 'Free-to-play items', 'Non-GE items', 'Pizza', 'Pages that contain switch infobox data']
Ancient_blessing	6 July 2016	/w/Update:Treasure_Trail_Expansion_(2016)	True	True	True	True	True	True	Drop	-1	-1	-1	 9340,	 5,	0.0	['Items', 'Grand Exchange items', 'Tradeable items', "Members' items", 'Equipment', 'Ammunition slot items', 'Prayer items', 'Treasure Trails rewards', 'Old School-exclusive content', 'Equipable items']
Ancient_bracers	12 June 2014	/w/Update:Treasure_Trail_Expansion	True	True	True	True	True	True	Drop	 2400,	 1200	-1	 15268,	 8,	0.0	['Items', 'Grand Exchange items', 'Tradeable items', "Members' items", 'Equipment', 'Hand slot items', 'Treasure Trails rewards', 'Ranged armour', 'Equipable items']
Ancient_chaps	12 June 2014	/w/Update:Treasure_Trail_Expansion	True	True	True	True	True	True	Drop	 3600,	 1800	-1	 224082,	 8,	5.0	['Items', 'Grand Exchange items', 'Tradeable items', "Members' items", 'Equipment', 'Leg slot items', 'Ranged armour', 'Treasure Trails rewards', 'Equipable items']
Ancient_cloak	12 June 2014	/w/Update:Treasure_Trail_Expansion	True	True	True	True	True	True	Drop	 1200,	 600	-1	 37499,	 8,	1.0	['Items', 'Grand Exchange items', 'Tradeable items', "Members' items", 'Equipment', 'Cape slot items', 'Treasure Trails rewards', 'Prayer items', 'Equipable items']
Ancient_coif	12 June 2014	/w/Update:Treasure_Trail_Expansion	True	True	True	True	True	True	Drop	 1200,	 600	-1	 67205,	 8,	0.0	['Items', 'Grand Exchange items', 'Tradeable items', "Members' items", 'Equipment', 'Head slot items', 'Ranged armour', 'Treasure Trails rewards', 'Equipable items']
Ancient_crozier	12 June 2014	/w/Update:Treasure_Trail_Expansion	True	True	True	True	True	True	Drop	 3000,	 1500	-1	 8017,	 8,	2.0	['Items', 'Grand Exchange items', 'Tradeable items', "Members' items", 'Equipment', 'Weapon slot items', 'Treasure Trails rewards', 'Prayer items', 'Magic weapons', 'Equipable items']
Ancient_crystal	23 November 2017	/w/Update:Mage_Arena_II,_Revenant_Caves_%26_Deadman_Beta	True	True	True	True	True	True	Drop	-1	-1	-1	 152987,	 11000,	13.0	['Items', 'Grand Exchange items', 'Tradeable items', "Members' items", 'Revenant Caves', 'Construction', 'Old School-exclusive content']
Ancient_d'hide	12 June 2014	/w/Update:Treasure_Trail_Expansion	True	True	True	True	True	True	Drop	 7800,	 3900	-1	 395531,	 8,	6.0	['Items', 'Grand Exchange items', 'Tradeable items', "Members' items", 'Equipment', 'Body slot items', 'Ranged armour', 'Treasure Trails rewards', 'Equipable items']
Ancient_d'hide_boots	6 July 2016	/w/Update:Treasure_Trail_Expansion_(2016)	True	True	True	True	True	True	Drop	-1	-1	-1	 1012287,	 8,	1.0	['Items', 'Grand Exchange items', 'Tradeable items', "Members' items", 'Equipment', 'Feet slot items', 'Ranged armour', 'Treasure Trails rewards', 'Equipable items']
Ancient_dragonhide_set	19 March 2015	/w/Update:Boss_Pets,_Sets,_Chat_%26_More	True	True	True	True	True	True	Drop	 5700,	 2850	-1	 761206,	 8,	0.0	['Items', 'Grand Exchange items', 'Tradeable items', "Members' items", 'Item sets']
Ancient_effigy	8 February 2018	/w/Update:PvM_QoL_updates_%26_Wilderness_Rejuvenation_improvements	True	True	True	True	True	True	Drop	-1	-1	-1	 7997670,	 18000,	0.0	['Items', 'Grand Exchange items', 'Tradeable items', "Members' items", 'Revenant Caves', 'Old School-exclusive content']
Ancient_emblem	23 November 2017	/w/Update:Mage_Arena_II,_Revenant_Caves_%26_Deadman_Beta	True	True	True	True	True	True	Drop	-1	-1	-1	 499449,	 18000,	0.0	['Items', 'Grand Exchange items', 'Tradeable items', "Members' items", 'Revenant Caves', 'Old School-exclusive content']
Ancient_full_helm	12 June 2014	/w/Update:Treasure_Trail_Expansion	True	True	True	True	True	True	Drop	 21120,	 10560	-1	 68932,	 8,	2.0	['Items', 'Grand Exchange items', 'Tradeable items', 'Free-to-play items', 'Equipment', 'Head slot items', 'Helmets', 'Melee armour', 'Rune', 'Equipable items']
Ancient_kiteshield	12 June 2014	/w/Update:Treasure_Trail_Expansion	True	True	True	True	True	True	Drop	 32640,	 16320	-1	 67463,	 8,	5.0	['Items', 'Grand Exchange items', 'Tradeable items', 'Free-to-play items', 'Equipment', 'Shield slot items', 'Rune', 'Melee armour', 'Equipable items']
Ancient_mace	24 April 2007	/w/Update:Another_Slice_of_H.A.M.	True	True	True	True	True	True	Drop	 600,	 300	-1	 2819,	 8,	1.814	['Items', 'Grand Exchange items', 'Tradeable items', "Members' items", 'Quest items', 'Equipment', 'Weapon slot items', 'Crush weapons', 'Another Slice of H.A.M.', 'Weapons with Special attacks', 'Equipable items']
Ancient_medallion	8 February 2018	/w/Update:PvM_QoL_updates_%26_Wilderness_Rejuvenation_improvements	True	True	True	True	True	True	Drop	-1	-1	-1	 3995937,	 18000,	0.0	['Items', 'Grand Exchange items', 'Tradeable items', "Members' items", 'Revenant Caves', 'Old School-exclusive content']
Ancient_mitre	12 June 2014	/w/Update:Treasure_Trail_Expansion	True	True	True	True	True	True	Drop	 3000,	 1500	-1	 27508,	 8,	0.0	['Items', 'Grand Exchange items', 'Tradeable items', "Members' items", 'Equipment', 'Head slot items', 'Treasure Trails rewards', 'Prayer items', 'Items needed for an emote clue', 'Equipable items']
Ancient_page_1	3 July 2014	/w/Update:Halos,_God_Books_%26_Stamina	True	True	True	True	True	N/A	Drop	-1	-1	-1	 148604,	 5,	0.0	['Items', 'Grand Exchange items', 'Tradeable items', 'Stackable items', "Members' items", 'God books']
Ancient_page_2	3 July 2014	/w/Update:Halos,_God_Books_%26_Stamina	True	True	True	True	True	N/A	Drop	-1	-1	-1	 102518,	 5,	0.0	['Items', 'Grand Exchange items', 'Tradeable items', 'Stackable items', "Members' items", 'God books']
Ancient_page_3	3 July 2014	/w/Update:Halos,_God_Books_%26_Stamina	True	True	True	True	True	N/A	Drop	-1	-1	-1	 144038,	 5,	0.0	['Items', 'Grand Exchange items', 'Tradeable items', 'Stackable items', "Members' items", 'God books']
Ancient_page_4	3 July 2014	/w/Update:Halos,_God_Books_%26_Stamina	True	True	True	True	True	N/A	Drop	-1	-1	-1	 176035,	 5,	0.0	['Items', 'Grand Exchange items', 'Tradeable items', 'Stackable items', "Members' items", 'God books']
Ancient_platebody	12 June 2014	/w/Update:Treasure_Trail_Expansion	True	True	True	True	True	True	Drop	 39000,	 19500	-1	 46762,	 8,	9.0	['Items', 'Grand Exchange items', 'Tradeable items', 'Free-to-play items', 'Equipment', 'Body slot items', 'Rune', 'Treasure Trails rewards', 'Melee armour', 'Platebodies', 'Equipable items']
Ancient_platelegs	12 June 2014	/w/Update:Treasure_Trail_Expansion	True	True	True	True	True	True	Drop	 38400,	 19200	-1	 47277,	 8,	9.5	['Items', 'Grand Exchange items', 'Tradeable items', 'Free-to-play items', 'Equipment', 'Leg slot items', 'Rune', 'Treasure Trails rewards', 'Platelegs', 'Melee armour', 'Equipable items']
Ancient_plateskirt	12 June 2014	/w/Update:Treasure_Trail_Expansion	True	True	True	True	True	True	Drop	 38400,	 19200	-1	 38314,	 8,	9.0	['Items', 'Grand Exchange items', 'Tradeable items', 'Free-to-play items', 'Equipment', 'Leg slot items', 'Rune', 'Treasure Trails rewards', 'Plateskirts', 'Melee armour', 'Equipable items']
Ancient_relic	8 February 2018	/w/Update:PvM_QoL_updates_%26_Wilderness_Rejuvenation_improvements	True	True	True	True	True	True	Drop	-1	-1	-1	 15996849,	 18000,	0.0	['Items', 'Grand Exchange items', 'Tradeable items', "Members' items", 'Revenant Caves', 'Old School-exclusive content']
Ancient_robe_legs	12 June 2014	/w/Update:Treasure_Trail_Expansion	True	True	True	True	True	True	Drop	 4200,	 2100	-1	 78345,	 8,	2.0	['Items', 'Grand Exchange items', 'Tradeable items', "Members' items", 'Equipment', 'Leg slot items', 'Treasure Trails rewards', 'Prayer items', 'Equipable items']
Ancient_robe_top	12 June 2014	/w/Update:Treasure_Trail_Expansion	True	True	True	True	True	True	Drop	 4200,	 2100	-1	 126299,	 8,	1.8	['Items', 'Grand Exchange items', 'Tradeable items', "Members' items", 'Equipment', 'Body slot items', 'Treasure Trails rewards', 'Prayer items', 'Equipable items']
Ancient_rune_armour_set_(lg)	26 February 2015	/w/Update:The_Grand_Exchange	True	True	True	True	True	True	Drop	 48000,	 24000	-1	 243414,	 8,	6.0	['Items', 'Grand Exchange items', 'Tradeable items', 'Free-to-play items', 'Item sets', 'Rune']
Ancient_rune_armour_set_(sk)	26 February 2015	/w/Update:The_Grand_Exchange	True	True	True	True	True	True	Drop	 48000,	 24000	-1	 255470,	 8,	6.0	['Items', 'Grand Exchange items', 'Tradeable items', 'Free-to-play items', 'Item sets', 'Rune']
Ancient_staff	18 April 2005	/w/Update:Desert_Treasure	True	True	True	True	True	True	Drop	 60000,	 30000	80000	 72437,	 70,	2.267	['Items', 'Grand Exchange items', 'Tradeable items', "Members' items", 'Equipment', 'Weapon slot items', 'Desert Treasure', 'Magic weapons', 'Equipable items']
Ancient_statuette	23 November 2017	/w/Update:Mage_Arena_II,_Revenant_Caves_%26_Deadman_Beta	True	True	True	True	True	True	Drop	-1	-1	-1	 1998669,	 18000,	0.0	['Items', 'Grand Exchange items', 'Tradeable items', "Members' items", 'Revenant Caves', 'Old School-exclusive content']
Ancient_stole	12 June 2014	/w/Update:Treasure_Trail_Expansion	True	True	True	True	True	True	Drop	 1500,	 750	-1	 5562,	 8,	0.0	['Items', 'Grand Exchange items', 'Tradeable items', "Members' items", 'Equipment', 'Neck slot items', 'Treasure Trails rewards', 'Prayer items', 'Equipable items']
Ancient_totem	23 November 2017	/w/Update:Mage_Arena_II,_Revenant_Caves_%26_Deadman_Beta	True	True	True	True	True	True	Drop	-1	-1	-1	 999178,	 18000,	0.0	['Items', 'Grand Exchange items', 'Tradeable items', "Members' items", 'Revenant Caves', 'Old School-exclusive content']
Ancient_wyvern_shield	7 September 2017	/w/Update:Fossil_Island	True	True	True	True	True	True	Drop	-1	-1	-1	 24078434,	 8,	4.5	['Items', 'Grand Exchange items', 'Tradeable items', 'Untradeable items', "Members' items", 'Non-GE items', 'Equipment', 'Shield slot items', 'Magic armour', 'Old School-exclusive content', 'Equipable items', 'Pages that contain switch infobox data']
Anglerfish	7 January 2016	/w/Update:Zeah:_Great_Kourend	True	True	True	True	True	True	Drop	-1	-1	-1	 1611,	 10000,	0.33	['Items', 'Grand Exchange items', 'Tradeable items', "Members' items", 'Fish', 'Old School-exclusive content', 'Food']
Anguish_ornament_kit	25 January 2018	/w/Update:Barbarian_Assault_Ranged_Rework	True	True	True	True	True	True	Drop	-1	-1	-1	 12386746,	 4,	0.0	['Items', 'Grand Exchange items', 'Tradeable items', "Members' items", 'Treasure Trails rewards']
Ankou_gloves	6 July 2016	/w/Update:Treasure_Trail_Expansion_(2016)	True	True	True	True	True	True	Drop	-1	-1	-1	 6373579,	 4,	0.0	['Items', 'Grand Exchange items', 'Tradeable items', "Members' items", 'Equipment', 'Hand slot items', 'Treasure Trails rewards', 'Old School-exclusive content', 'Equipable items']
Ankou_mask	6 July 2016	/w/Update:Treasure_Trail_Expansion_(2016)	True	True	True	True	True	True	Drop	-1	-1	-1	 9932645,	 4,	0.0	['Items', 'Grand Exchange items', 'Tradeable items', "Members' items", 'Equipment', 'Head slot items', 'Treasure Trails rewards', 'Old School-exclusive content', 'Equipable items']
Ankou_socks	6 July 2016	/w/Update:Treasure_Trail_Expansion_(2016)	True	True	True	True	True	True	Drop	-1	-1	-1	 4964411,	 4,	0.0	['Items', 'Grand Exchange items', 'Tradeable items', "Members' items", 'Equipment', 'Feet slot items', 'Treasure Trails rewards', 'Old School-exclusive content', 'Equipable items']
Ankou_top	6 July 2016	/w/Update:Treasure_Trail_Expansion_(2016)	True	True	True	True	True	True	Drop	-1	-1	-1	 24573180,	 4,	0.0	['Items', 'Grand Exchange items', 'Tradeable items', "Members' items", 'Equipment', 'Body slot items', 'Treasure Trails rewards', 'Old School-exclusive content', 'Equipable items']
Ankou's_leggings	6 July 2016	/w/Update:Treasure_Trail_Expansion_(2016)	True	True	True	True	True	True	Drop	-1	-1	-1	 12249065,	 4,	0.0	['Items', 'Grand Exchange items', 'Tradeable items', "Members' items", 'Equipment', 'Leg slot items', 'Treasure Trails rewards', 'Old School-exclusive content', 'Equipable items']
Annakarl_teleport	18 September 2014	/w/Update:Bounty_Hunter	True	True	True	True	True	N/A	Drop	-1	-1	10000	 2054,	 10000,	0.0	['Items', 'Grand Exchange items', 'Tradeable items', 'Stackable items', "Members' items", 'Magic tablets']
Anti-dragon_shield	23 September 2001	/w/Update:Dragon_quest_online!	True	True	True	True	True	True	Drop	-1	-1	26	 70,	 125,	5.443	['Items', 'Grand Exchange items', 'Tradeable items', 'Free-to-play items', 'Quest items', 'Equipment', 'Shield slot items', 'Dragon Slayer', 'Square shields', 'Equipable items']
Anti-poison_supermix(1)	3 July 2007	/w/Update:Barbarian_Training	True	True	True	True	True	True	Drop	-1	-1	-1	 1708,	 2000,	0.045	['Items', 'Grand Exchange items', 'Tradeable items', "Members' items", 'Herblore', 'Potions', 'Barbarian mixes', 'Pages that contain switch infobox data']
Anti-poison_supermix(2)	3 July 2007	/w/Update:Barbarian_Training	True	True	True	True	True	True	Drop	-1	-1	-1	 1284,	 2000,	0.045	['Items', 'Grand Exchange items', 'Tradeable items', "Members' items", 'Herblore', 'Potions', 'Barbarian mixes', 'Pages that contain switch infobox data']
Anti-venom(4)	8 January 2015	/w/Update:Zulrah_-_The_Solo_Snake_Boss	True	True	True	True	True	True	Drop	-1	-1	-1	 2854,	 2000,	0.0	['Items', 'Grand Exchange items', 'Tradeable items', "Members' items", 'Herblore', 'Potions', 'Old School-exclusive content', 'Pages that contain switch infobox data']
Anti-venom(1)	8 January 2015	/w/Update:Zulrah_-_The_Solo_Snake_Boss	True	True	True	True	True	True	Drop	-1	-1	-1	 794,	 2000,	0.0	['Items', 'Grand Exchange items', 'Tradeable items', "Members' items", 'Herblore', 'Potions', 'Old School-exclusive content', 'Pages that contain switch infobox data']
Anti-venom(2)	8 January 2015	/w/Update:Zulrah_-_The_Solo_Snake_Boss	True	True	True	True	True	True	Drop	-1	-1	-1	 1616,	 2000,	0.0	['Items', 'Grand Exchange items', 'Tradeable items', "Members' items", 'Herblore', 'Potions', 'Old School-exclusive content', 'Pages that contain switch infobox data']
Anti-venom(3)	8 January 2015	/w/Update:Zulrah_-_The_Solo_Snake_Boss	True	True	True	True	True	True	Drop	-1	-1	-1	 2089,	 2000,	0.0	['Items', 'Grand Exchange items', 'Tradeable items', "Members' items", 'Herblore', 'Potions', 'Old School-exclusive content', 'Pages that contain switch infobox data']
Anti-venom+(4)	8 January 2015	/w/Update:Zulrah_-_The_Solo_Snake_Boss	True	True	True	True	True	True	Drop	-1	-1	-1	 11751,	 2000,	0.0	['Items', 'Grand Exchange items', 'Tradeable items', "Members' items", 'Herblore', 'Potions', 'Old School-exclusive content', 'Pages that contain switch infobox data']
Anti-venom+(1)	8 January 2015	/w/Update:Zulrah_-_The_Solo_Snake_Boss	True	True	True	True	True	True	Drop	-1	-1	-1	 3256,	 2000,	0.0	['Items', 'Grand Exchange items', 'Tradeable items', "Members' items", 'Herblore', 'Potions', 'Old School-exclusive content', 'Pages that contain switch infobox data']
Anti-venom+(3)	8 January 2015	/w/Update:Zulrah_-_The_Solo_Snake_Boss	True	True	True	True	True	True	Drop	-1	-1	-1	 10150,	 2000,	0.0	['Items', 'Grand Exchange items', 'Tradeable items', "Members' items", 'Herblore', 'Potions', 'Old School-exclusive content', 'Pages that contain switch infobox data']
Anti-venom+(2)	8 January 2015	/w/Update:Zulrah_-_The_Solo_Snake_Boss	True	True	True	True	True	True	Drop	-1	-1	-1	 6429,	 2000,	0.0	['Items', 'Grand Exchange items', 'Tradeable items', "Members' items", 'Herblore', 'Potions', 'Old School-exclusive content', 'Pages that contain switch infobox data']
Antidote+(4)	11 July 2005	/w/Update:Farming	True	True	True	True	True	True	Drop	-1	-1	-1	 1722,	 4000,	0.0	['Items', 'Grand Exchange items', 'Tradeable items', "Members' items", 'Herblore', 'Potions', 'Pages that contain switch infobox data']
Antidote+(1)	11 July 2005	/w/Update:Farming	True	True	True	True	True	True	Drop	-1	-1	-1	 1057,	 4000,	0.0	['Items', 'Grand Exchange items', 'Tradeable items', "Members' items", 'Herblore', 'Potions', 'Pages that contain switch infobox data']
Antidote+(3)	11 July 2005	/w/Update:Farming	True	True	True	True	True	True	Drop	-1	-1	-1	 2604,	 4000,	0.0	['Items', 'Grand Exchange items', 'Tradeable items', "Members' items", 'Herblore', 'Potions', 'Pages that contain switch infobox data']
Antidote+(2)	11 July 2005	/w/Update:Farming	True	True	True	True	True	True	Drop	-1	-1	-1	 1810,	 4000,	0.0	['Items', 'Grand Exchange items', 'Tradeable items', "Members' items", 'Herblore', 'Potions', 'Pages that contain switch infobox data']
Superattack_mix(2)	3 July 2007	/w/Update:Barbarian_Training	True	True	True	True	True	True	Drop	-1	-1	-1	 690,	 2000,	0.045	['Items', 'Grand Exchange items', 'Tradeable items', "Members' items", 'Herblore', 'Potions', 'Barbarian mixes', 'Pages that contain switch infobox data']
Superattack_mix(1)	3 July 2007	/w/Update:Barbarian_Training	True	True	True	True	True	True	Drop	-1	-1	-1	 1785,	 2000,	0.045	['Items', 'Grand Exchange items', 'Tradeable items', "Members' items", 'Herblore', 'Potions', 'Barbarian mixes', 'Pages that contain switch infobox data']
Antidote++(4)	11 July 2005	/w/Update:Farming	True	True	True	True	True	True	Drop	-1	-1	-1	 392,	 4000,	0.035	['Items', 'Grand Exchange items', 'Tradeable items', "Members' items", 'Herblore', 'Potions', 'Pages that contain switch infobox data']
Antidote++(3)	11 July 2005	/w/Update:Farming	True	True	True	True	True	True	Drop	-1	-1	-1	 371,	 4000,	0.035	['Items', 'Grand Exchange items', 'Tradeable items', "Members' items", 'Herblore', 'Potions', 'Pages that contain switch infobox data']
Antidote++(2)	11 July 2005	/w/Update:Farming	True	True	True	True	True	True	Drop	-1	-1	-1	 212,	 4000,	0.035	['Items', 'Grand Exchange items', 'Tradeable items', "Members' items", 'Herblore', 'Potions', 'Pages that contain switch infobox data']
Antidote++(1)	11 July 2005	/w/Update:Farming	True	True	True	True	True	True	Drop	-1	-1	-1	 150,	 4000,	0.035	['Items', 'Grand Exchange items', 'Tradeable items', "Members' items", 'Herblore', 'Potions', 'Pages that contain switch infobox data']
Antifire_mix(2)	3 July 2007	/w/Update:Barbarian_Training	True	True	True	True	True	True	Drop	-1	-1	-1	 850,	 2000,	0.045	['Items', 'Grand Exchange items', 'Tradeable items', "Members' items", 'Herblore', 'Potions', 'Barbarian mixes', 'Pages that contain switch infobox data']
Antifire_mix(1)	3 July 2007	/w/Update:Barbarian_Training	True	True	True	True	True	True	Drop	-1	-1	-1	 434,	 2000,	0.045	['Items', 'Grand Exchange items', 'Tradeable items', "Members' items", 'Herblore', 'Potions', 'Barbarian mixes', 'Pages that contain switch infobox data']
Antifire_potion(3)	15 March 2004	/w/Update:RS2_Music_player_and_fixes	True	True	True	True	True	True	Drop	-1	-1	-1	 277,	 2000,	0.02	['Items', 'Grand Exchange items', 'Tradeable items', "Members' items", 'Herblore', 'Potions', 'Pages that contain switch infobox data']
Antifire_potion(1)	15 March 2004	/w/Update:RS2_Music_player_and_fixes	True	True	True	True	True	True	Drop	-1	-1	-1	 143,	 2000,	0.02	['Items', 'Grand Exchange items', 'Tradeable items', "Members' items", 'Herblore', 'Potions', 'Pages that contain switch infobox data']
Antifire_potion(4)	15 March 2004	/w/Update:RS2_Music_player_and_fixes	True	True	True	True	True	True	Drop	-1	-1	-1	 358,	 2000,	0.02	['Items', 'Grand Exchange items', 'Tradeable items', "Members' items", 'Herblore', 'Potions', 'Pages that contain switch infobox data']
Antifire_potion(2)	15 March 2004	/w/Update:RS2_Music_player_and_fixes	True	True	True	True	True	True	Drop	-1	-1	-1	 241,	 2000,	0.02	['Items', 'Grand Exchange items', 'Tradeable items', "Members' items", 'Herblore', 'Potions', 'Pages that contain switch infobox data']
Antipoison(2)	27 February 2002	/w/Update:Latest_RuneScape_News_(27_February_2002)	True	True	True	True	True	True	Drop	-1	-1	-1	 158,	 2000,	0.02	['Items', 'Grand Exchange items', 'Tradeable items', 'Free-to-play items', 'Herblore', 'Potions', 'Pages that contain switch infobox data']
Antipoison(1)	27 February 2002	/w/Update:Latest_RuneScape_News_(27_February_2002)	True	True	True	True	True	True	Drop	-1	-1	-1	 80,	 2000,	0.02	['Items', 'Grand Exchange items', 'Tradeable items', 'Free-to-play items', 'Herblore', 'Potions', 'Pages that contain switch infobox data']
Antipoison(4)	9 March 2004	/w/Update:RS2_Beta_update	True	True	True	True	True	True	Drop	-1	-1	-1	 269,	 2000,	0.02	['Items', 'Grand Exchange items', 'Tradeable items', 'Free-to-play items', 'Herblore', 'Potions', 'Pages that contain switch infobox data']
Antipoison(3)	27 February 2002	/w/Update:Latest_RuneScape_News_(27_February_2002)	True	True	True	True	True	True	Drop	-1	-1	432	 183,	 2000,	0.02	['Items', 'Grand Exchange items', 'Tradeable items', 'Free-to-play items', 'Herblore', 'Potions', 'Pages that contain switch infobox data']
Antipoison_mix(1)	3 July 2007	/w/Update:Barbarian_Training	True	True	True	True	True	True	Drop	-1	-1	-1	 985,	 2000,	0.045	['Items', 'Grand Exchange items', 'Tradeable items', "Members' items", 'Herblore', 'Potions', 'Barbarian mixes', 'Pages that contain switch infobox data']
Antipoison_mix(2)	3 July 2007	/w/Update:Barbarian_Training	True	True	True	True	True	True	Drop	-1	-1	-1	 992,	 2000,	0.045	['Items', 'Grand Exchange items', 'Tradeable items', "Members' items", 'Herblore', 'Potions', 'Barbarian mixes', 'Pages that contain switch infobox data']
Ape_atoll_teleport	12 May 2016	/w/Update:Necromancy_Teleport_Tablets	True	True	True	True	True	N/A	Drop	-1	-1	-1	 3566,	 10000,	0.0	['Items', 'Grand Exchange items', 'Tradeable items', 'Stackable items', "Members' items", 'Magic tablets', 'Old School-exclusive content']
Apple_mush	11 July 2005	/w/Update:Farming	True	True	True	True	True	True	Drop	-1	-1	-1	 21,	 11000,	1.1	['Items', 'Grand Exchange items', 'Tradeable items', "Members' items", 'Cooking']
Apple_pie	17 March 2001	/w/Update:This_weeks_update	True	True	True	True	True	True	Drop	-1	-1	140	 177,	 10000,	0.45	['Items', 'Grand Exchange items', 'Tradeable items', 'Free-to-play items', 'Non-GE items', 'Pies', 'Pages that contain switch infobox data']
Apple_sapling	11 July 2005	/w/Update:Farming	True	True	True	True	True	True	Drop	-1	-1	-1	 105,	 200,	0.907	['Items', 'Grand Exchange items', 'Tradeable items', "Members' items", 'Farming', 'Saplings']
Apple_tree_seed	11 July 2005	/w/Update:Farming	True	True	True	True	True	N/A	Drop	-1	-1	-1	 12,	 200,	0.0	['Items', 'Grand Exchange items', 'Tradeable items', 'Stackable items', "Members' items", 'Farming', 'Seeds']
Apples(5)	11 July 2005	/w/Update:Farming	True	True	True	True	True	True	Drop	-1	-1	-1	 910,	 600,	0.056	['Items', 'Grand Exchange items', 'Tradeable items', "Members' items", 'Non-GE items', 'Pages that contain switch infobox data']
Apprentice_wand	4 January 2006	/w/Update:Mage_Training_Arena	True	True	True	True	True	True	Drop	 900,	 450	-1	 926663,	 125,	0.255	['Items', 'Grand Exchange items', 'Tradeable items', "Members' items", 'Equipment', 'Weapon slot items', 'Magic weapons', 'Equipable items']
Arcane_prayer_scroll	26 January 2017	/w/Update:Prayers_Scrolls,_QoL_%26_a_Quest	True	True	True	True	True	True	Drop	-1	-1	-1	 6938250,	 5,	0.0	['Items', 'Grand Exchange items', 'Tradeable items', "Members' items", 'Chambers of Xeric', 'Old School-exclusive content']
Arcane_sigil	16 October 2014	/w/Update:Corporeal_Beast	True	True	True	True	True	True	Drop	 450000,	 225000	-1	 119082208,	 5,	0.0	['Items', 'Grand Exchange items', 'Tradeable items', "Members' items"]
Arcane_spirit_shield	16 October 2014	/w/Update:Corporeal_Beast	True	True	True	True	True	True	Drop	 1200000,	 600000	-1	 118217358,	 8,	2.6	['Items', 'Grand Exchange items', 'Tradeable items', "Members' items", 'Equipment', 'Shield slot items', 'Magic armour', 'Prayer items', 'Equipable items']
Arceuus_banner	6 July 2016	/w/Update:Treasure_Trail_Expansion_(2016)	True	True	True	True	True	True	Drop	-1	-1	-1	 1365,	 4,	2.0	['Items', 'Grand Exchange items', 'Tradeable items', "Members' items", 'Equipment', 'Weapon slot items', 'Treasure Trails rewards', 'Equipable items']
Arceuus_house_hood	6 July 2016	/w/Update:Treasure_Trail_Expansion_(2016)	True	True	True	True	True	True	Drop	-1	-1	-1	-1	-1	0.0	['Items', 'Grand Exchange items', 'Tradeable items', "Members' items", 'Equipment', 'Head slot items', 'Treasure Trails rewards', 'Equipable items']
Arceuus_house_scarf	6 July 2016	/w/Update:Treasure_Trail_Expansion_(2016)	True	True	True	True	True	True	Drop	-1	-1	-1	-1	-1	0.0	['Items', 'Grand Exchange items', 'Tradeable items', "Members' items", 'Equipment', 'Neck slot items', 'Treasure Trails rewards', 'Equipable items']
Archer_helm	2 November 2004	/w/Update:The_Fremennik_Trials	True	True	True	True	True	True	Drop	 36000,	 18000	78000	 43058,	 70,	2.721	['Items', 'Grand Exchange items', 'Tradeable items', "Members' items", 'Equipment', 'Head slot items', 'Ranged armour', 'Fremennik armour', 'Helmets', 'Armour', 'Fremennik', 'Equipable items']
Archers_ring	7 November 2005	/w/Update:Waterbirth_Island_-_deeper,_darker,_deadlier!	True	True	True	True	True	True	Drop	 6000,	 3000	-1	 5707170,	 8,	0.004	['Items', 'Grand Exchange items', 'Tradeable items', "Members' items", 'Equipment', 'Ring slot items', 'Fremennik armour', 'Nightmare Zone', 'Equipable items']
Archery_ticket	21 January 2004	/w/Update:More_RS2_Updates	True	True	True	True	True	N/A	Drop	-1	-1	-1	 8,	 18000,	0.0	['Items', 'Grand Exchange items', 'Tradeable items', 'Stackable items', "Members' items", 'Currency', 'Ranging Guild', 'Ranged']
Arctic_pine_logs	6 February 2007	/w/Update:Fremennik_Isles	True	True	True	True	True	True	Drop	-1	-1	-1	 513,	 11000,	1.36	['Items', 'Grand Exchange items', 'Tradeable items', "Members' items", 'The Fremennik Isles', 'Logs', 'Woodcutting']
Arctic_pyre_logs	6 February 2007	/w/Update:Fremennik_Isles	True	True	True	True	True	True	Drop	-1	-1	-1	 2232,	 11000,	1.36	['Items', 'Grand Exchange items', 'Tradeable items', "Members' items", 'Logs', 'Woodcutting', "Shades of Mort'ton (minigame)"]
Ardougne_teleport	31 May 2006	/w/Update:PLAYER-OWNED_HOUSES!	True	True	True	True	True	N/A	Drop	-1	-1	-1	 763,	 10000,	0.0	['Items', 'Grand Exchange items', 'Tradeable items', 'Stackable items', "Members' items", 'Magic tablets']
Arena_book	4 January, 2006	/w/Update:Mage_Training_Arena	True	True	True	True	True	True	Drop	-1	-1	200	 699,	 15,	1.0	['Items', 'Grand Exchange items', 'Tradeable items', "Members' items", 'Mage Training Arena', 'Texts & Tomes']
Armadyl_bracers	12 June 2014	/w/Update:Treasure_Trail_Expansion	True	True	True	True	True	True	Drop	 2400,	 1200	-1	 96272,	 8,	1.0	['Items', 'Grand Exchange items', 'Tradeable items', "Members' items", 'Equipment', 'Hand slot items', 'Ranged armour', 'Treasure Trails rewards', 'Equipable items']
Armadyl_chainskirt	17 October 2013	/w/Update:The_God_Wars_Dungeon_has_been_uncovered!	True	True	True	True	True	True	Drop	 173940,	 86970	-1	 42969210,	 8,	1.0	['Items', 'Grand Exchange items', 'Tradeable items', "Members' items", 'Equipment', 'Leg slot items', 'Ranged armour', 'Plateskirts', 'Equipable items']
Armadyl_chaps	12 June 2014	/w/Update:Treasure_Trail_Expansion	True	True	True	True	True	True	Drop	 3600,	 1800	-1	 481350,	 8,	5.0	['Items', 'Grand Exchange items', 'Tradeable items', "Members' items", 'Equipment', 'Leg slot items', 'Ranged armour', 'Treasure Trails rewards', 'Equipable items']
Armadyl_chestplate	17 October 2013	/w/Update:The_God_Wars_Dungeon_has_been_uncovered!	True	True	True	True	True	True	Drop	 174000,	 87000	-1	 45238997,	 8,	4.0	['Items', 'Grand Exchange items', 'Tradeable items', "Members' items", 'Equipment', 'Body slot items', 'Ranged armour', 'Equipable items']
Armadyl_cloak	12 June 2014	/w/Update:Treasure_Trail_Expansion	True	True	True	True	True	True	Drop	 1200,	 600	-1	 32101,	 8,	1.0	['Items', 'Grand Exchange items', 'Tradeable items', "Members' items", 'Equipment', 'Cape slot items', 'Treasure Trails rewards', 'Prayer items', 'Equipable items']
Armadyl_coif	12 June 2014	/w/Update:Treasure_Trail_Expansion	True	True	True	True	True	True	Drop	 1200,	 600	-1	 85766,	 8,	0.0	['Items', 'Grand Exchange items', 'Tradeable items', "Members' items", 'Equipment', 'Head slot items', 'Ranged armour', 'Treasure Trails rewards', 'Equipable items']
Armadyl_crossbow	17 October 2013	/w/Update:The_God_Wars_Dungeon_has_been_uncovered!	True	True	True	True	True	True	Drop	 594000,	 297000	-1	 30450580,	 8,	6.0	['Items', 'Grand Exchange items', 'Tradeable items', "Members' items", 'Equipment', 'Weapon slot items', 'Ranged weapons', 'Crossbows', 'Weapons with Special attacks', 'Equipable items']
Armadyl_crozier	12 June 2014	/w/Update:Treasure_Trail_Expansion	True	True	True	True	True	True	Drop	 3000,	 1500	-1	 6787,	 8,	2.0	['Items', 'Grand Exchange items', 'Tradeable items', "Members' items", 'Equipment', 'Weapon slot items', 'Treasure Trails rewards', 'Prayer items', 'Magic weapons', 'Equipable items']
Armadyl_d'hide	12 June 2014	/w/Update:Treasure_Trail_Expansion	True	True	True	True	True	True	Drop	 7800,	 3900	-1	 677231,	 8,	6.0	['Items', 'Grand Exchange items', 'Tradeable items', "Members' items", 'Equipment', 'Body slot items', 'Ranged armour', 'Treasure Trails rewards', 'Equipable items']
Armadyl_d'hide_boots	6 July 2016	/w/Update:Treasure_Trail_Expansion_(2016)	True	True	True	True	True	True	Drop	-1	-1	-1	 1543584,	 8,	1.0	['Items', 'Grand Exchange items', 'Tradeable items', "Members' items", 'Equipment', 'Feet slot items', 'Ranged armour', 'Treasure Trails rewards', 'Equipable items']
Armadyl_dragonhide_set	19 March 2015	/w/Update:Boss_Pets,_Sets,_Chat_%26_More	True	True	True	True	True	True	Drop	 5700,	 2850	-1	 1394819,	 8,	0.0	['Items', 'Grand Exchange items', 'Tradeable items', "Members' items", 'Item sets']
Armadyl_full_helm	12 June 2014	/w/Update:Treasure_Trail_Expansion	True	True	True	True	True	True	Drop	 21120,	 10560	-1	 24292,	 8,	2.0	['Items', 'Grand Exchange items', 'Tradeable items', 'Free-to-play items', 'Equipment', 'Head slot items', 'Helmets', 'Melee armour', 'Rune', 'Equipable items']
Armadyl_godsword	17 October 2013	/w/Update:The_God_Wars_Dungeon_has_been_uncovered!	True	True	True	True	True	True	Drop	 750000,	 375000	-1	 15861174,	 8,	11.0	['Items', 'Grand Exchange items', 'Tradeable items', "Members' items", 'Equipment', 'Two-handed slot items', 'Slash weapons', 'Weapons with Special attacks', 'Melee weapons', 'Equipable items']
Armadyl_godsword_ornament_kit	6 July 2016	/w/Update:Treasure_Trail_Expansion_(2016)	True	True	True	True	True	True	Drop	-1	-1	-1	 942229,	 4,	0.0	['Items', 'Grand Exchange items', 'Tradeable items', "Members' items", 'Treasure Trails rewards']
Armadyl_helmet	17 October 2013	/w/Update:The_God_Wars_Dungeon_has_been_uncovered!	True	True	True	True	True	True	Drop	 173400,	 86700	-1	 3943031,	 8,	1.0	['Items', 'Grand Exchange items', 'Tradeable items', "Members' items", 'Equipment', 'Head slot items', 'Ranged armour', 'Equipable items']
Armadyl_hilt	17 October 2013	/w/Update:The_God_Wars_Dungeon_has_been_uncovered!	True	True	True	True	True	True	Drop	 300000,	 150000	-1	 16226432,	 10000,	3.0	['Items', 'Grand Exchange items', 'Tradeable items', "Members' items"]
Armadyl_kiteshield	12 June 2014	/w/Update:Treasure_Trail_Expansion	True	True	True	True	True	True	Drop	 32640,	 16320	-1	 36529,	 8,	5.0	['Items', 'Grand Exchange items', 'Tradeable items', 'Free-to-play items', 'Equipment', 'Shield slot items', 'Treasure Trails rewards', 'Melee armour', 'Equipable items']
Armadyl_mitre	12 June 2014	/w/Update:Treasure_Trail_Expansion	True	True	True	True	True	True	Drop	 3000,	 1500	-1	 28168,	 8,	0.0	['Items', 'Grand Exchange items', 'Tradeable items', "Members' items", 'Equipment', 'Head slot items', 'Treasure Trails rewards', 'Prayer items', 'Items needed for an emote clue', 'Equipable items']
Armadyl_page_1	3 July 2014	/w/Update:Halos,_God_Books_%26_Stamina	True	True	True	True	True	N/A	Drop	-1	-1	-1	 245782,	 5,	0.0	['Items', 'Grand Exchange items', 'Tradeable items', 'Stackable items', "Members' items", 'God books']
Armadyl_page_2	3 July 2014	/w/Update:Halos,_God_Books_%26_Stamina	True	True	True	True	True	N/A	Drop	-1	-1	-1	 280029,	 5,	0.0	['Items', 'Grand Exchange items', 'Tradeable items', 'Stackable items', "Members' items", 'God books']
Armadyl_page_3	3 July 2014	/w/Update:Halos,_God_Books_%26_Stamina	True	True	True	True	True	N/A	Drop	-1	-1	-1	 309905,	 5,	0.0	['Items', 'Grand Exchange items', 'Tradeable items', 'Stackable items', "Members' items", 'God books']
Armadyl_page_4	3 July 2014	/w/Update:Halos,_God_Books_%26_Stamina	True	True	True	True	True	N/A	Drop	-1	-1	-1	 391619,	 5,	0.0	['Items', 'Grand Exchange items', 'Tradeable items', 'Stackable items', "Members' items", 'God books']
Armadyl_platebody	12 June 2014	/w/Update:Treasure_Trail_Expansion	True	True	True	True	True	True	Drop	 39000,	 19500	-1	 39610,	 8,	9.0	['Items', 'Grand Exchange items', 'Tradeable items', 'Free-to-play items', 'Equipment', 'Body slot items', 'Treasure Trails rewards', 'Melee armour', 'Platebodies', 'Equipable items']
Armadyl_platelegs	12 June 2014	/w/Update:Treasure_Trail_Expansion	True	True	True	True	True	True	Drop	 38400,	 19200	-1	 39871,	 8,	9.0	['Items', 'Grand Exchange items', 'Tradeable items', 'Free-to-play items', 'Equipment', 'Leg slot items', 'Rune', 'Treasure Trails rewards', 'Platelegs', 'Melee armour', 'Equipable items']
Armadyl_plateskirt	12 June 2014	/w/Update:Treasure_Trail_Expansion	True	True	True	True	True	True	Drop	 38400,	 19200	-1	 38388,	 8,	9.0	['Items', 'Grand Exchange items', 'Tradeable items', 'Free-to-play items', 'Equipment', 'Leg slot items', 'Rune', 'Treasure Trails rewards', 'Plateskirts', 'Melee armour', 'Equipable items']
Armadyl_robe_legs	12 June 2014	/w/Update:Treasure_Trail_Expansion	True	True	True	True	True	True	Drop	 4200,	 2100	-1	 80955,	 8,	2.0	['Items', 'Grand Exchange items', 'Tradeable items', "Members' items", 'Equipment', 'Leg slot items', 'Prayer items', 'Treasure Trails rewards', 'Equipable items']
Armadyl_robe_top	12 June 2014	/w/Update:Treasure_Trail_Expansion	True	True	True	True	True	True	Drop	 4200,	 2100	-1	 83557,	 8,	1.8	['Items', 'Grand Exchange items', 'Tradeable items', "Members' items", 'Equipment', 'Body slot items', 'Prayer items', 'Treasure Trails rewards', 'Equipable items']
Armadyl_rune_armour_set_(lg)	26 February 2015	/w/Update:The_Grand_Exchange	True	True	True	True	True	True	Drop	 48000,	 24000	-1	 151264,	 8,	6.0	['Items', 'Grand Exchange items', 'Tradeable items', 'Free-to-play items', 'Item sets', 'Rune']
Armadyl_rune_armour_set_(sk)	26 February 2015	/w/Update:The_Grand_Exchange	True	True	True	True	True	True	Drop	 48000,	 24000	-1	 178517,	 8,	6.0	['Items', 'Grand Exchange items', 'Tradeable items', 'Free-to-play items', 'Item sets', 'Rune']
Armadyl_stole	12 June 2014	/w/Update:Treasure_Trail_Expansion	True	True	True	True	True	True	Drop	 1500,	 750	-1	 5165,	 8,	0.0	['Items', 'Grand Exchange items', 'Tradeable items', "Members' items", 'Equipment', 'Neck slot items', 'Treasure Trails rewards', 'Prayer items', 'Equipable items']
Arrow_shaft	25 March 2002	/w/Update:Latest_RuneScape_News_(25_March_2002)	True	True	True	True	True	N/A	Drop	-1	-1	1	 1,	 7000,	0.0	['Items', 'Grand Exchange items', 'Tradeable items', 'Stackable items', "Members' items", 'Fletching', 'Fletching items']
Asgarnian_ale	6 April 2001	/w/Update:Massive_update!	True	True	True	True	True	True	Drop	-1	-1	3	 92,	 2000,	0.55	['Items', 'Grand Exchange items', 'Tradeable items', 'Free-to-play items', 'Cooking', 'Drinks']
Asgarnian_ale_(flatpack)	31 May 2006	/w/Update:PLAYER-OWNED_HOUSES!	True	True	True	True	True	True	Drop	-1	-1	-1	 15321,	 500,	1.0	['Items', 'Grand Exchange items', 'Tradeable items', "Members' items", 'Construction', 'Flatpacks']
Asgarnian_ale(4)	11 July 2005	/w/Update:Farming	True	True	True	True	True	True	Drop	-1	-1	-1	 3965,	 2000,	0.0	['Items', 'Grand Exchange items', 'Tradeable items', "Members' items", 'Non-GE items', 'Cooking', 'Drinks', 'Pages that contain switch infobox data']
Asgarnian_ale(m)	11 July 2005	/w/Update:Farming	True	True	True	True	True	True	Drop	-1	-1	-1	 980,	 2000,	0.55	['Items', 'Grand Exchange items', 'Tradeable items', "Members' items", 'Cooking', 'Drinks']
Asgarnian_ale(m4)	11 July 2005	/w/Update:Farming	True	True	True	True	True	True	Drop	-1	-1	-1	 2260,	 2000,	0.55	['Items', 'Grand Exchange items', 'Tradeable items', "Members' items", 'Cooking', 'Drinks']
Asgarnian_hops	11 July 2005	/w/Update:Farming	True	True	True	True	True	True	Drop	-1	-1	-1	 202,	 11000,	0.028	['Items', 'Grand Exchange items', 'Tradeable items', "Members' items", 'Farming', 'Produce']
Asgarnian_seed	11 July 2005	/w/Update:Farming	True	True	True	True	True	N/A	Drop	-1	-1	3	 5,	 600,	0.0	['Items', 'Grand Exchange items', 'Tradeable items', 'Stackable items', "Members' items", 'Farming', 'Seeds']
Ashes	4 January 2001	/w/Update:Runescape_beta_is_now_online!	True	True	True	True	True	True	Drop	-1	-1	-1	 30,	 13000,	0.056	['Items', 'Grand Exchange items', 'Tradeable items', 'Free-to-play items', 'Herblore items']
Assorted_flowers	24 September 2002	/w/Update:Tutorial_island	True	True	True	True	True	True	Drop	-1	-1	-1	 47,	 150,	0.028	['Items', 'Grand Exchange items', 'Tradeable items', "Members' items", 'Equipment', 'Weapon slot items', 'Equipable items']
Astral_rune	24 July 2006	/w/Update:Lunar_Diplomacy	True	True	True	True	True	N/A	Drop	-1	-1	50	 140,	 10000,	0.0	['Items', 'Grand Exchange items', 'Tradeable items', 'Stackable items', "Members' items", 'Runes', 'Lunar Diplomacy']
Asyn_remains	18 October 2004	/w/Update:Mortton_Shades_and_Mage_Armour	True	True	True	True	True	True	Drop	-1	-1	-1	 2083,	 7500,	0.0	['Items', 'Grand Exchange items', 'Tradeable items', "Members' items", "Shades of Mort'ton (minigame)"]
Attack_mix(2)	3 July 2007	/w/Update:Barbarian_Training	True	True	True	True	True	True	Drop	-1	-1	-1	 160,	 2000,	0.045	['Items', 'Grand Exchange items', 'Tradeable items', "Members' items", 'Herblore', 'Potions', 'Barbarian mixes', 'Pages that contain switch infobox data']
Attack_mix(1)	3 July 2007	/w/Update:Barbarian_Training	True	True	True	True	True	True	Drop	-1	-1	-1	 195,	 2000,	0.045	['Items', 'Grand Exchange items', 'Tradeable items', "Members' items", 'Herblore', 'Potions', 'Barbarian mixes', 'Pages that contain switch infobox data']
Attack_potion(1)	27 February 2002	/w/Update:Latest_RuneScape_News_(27_February_2002)	True	True	True	True	True	True	Drop	-1	-1	-1	 3,	 2000,	0.02	['Items', 'Grand Exchange items', 'Tradeable items', "Members' items", 'Herblore', 'Potions', 'Pages that contain switch infobox data']
Attack_potion(2)	27 February 2002	/w/Update:Latest_RuneScape_News_(27_February_2002)	True	True	True	True	True	True	Drop	-1	-1	-1	 4,	 2000,	0.02	['Items', 'Grand Exchange items', 'Tradeable items', "Members' items", 'Herblore', 'Potions', 'Pages that contain switch infobox data']
Attack_potion(3)	27 February 2002	/w/Update:Latest_RuneScape_News_(27_February_2002)	True	True	True	True	True	True	Drop	-1	-1	14	 4,	 2000,	0.02	['Items', 'Grand Exchange items', 'Tradeable items', "Members' items", 'Herblore', 'Potions', 'Pages that contain switch infobox data']
Attack_potion(4)	9 March 2004	/w/Update:RS2_Beta_update	True	True	True	True	True	True	Drop	-1	-1	-1	 6,	 2000,	0.02	['Items', 'Grand Exchange items', 'Tradeable items', "Members' items", 'Herblore', 'Potions', 'Pages that contain switch infobox data']
Avantoe	27 February 2002	/w/Update:Latest_RuneScape_News_(27_February_2002)	True	True	True	True	True	True	Drop	-1	-1	-1	 1651,	 13000,	0.007	['Items', 'Grand Exchange items', 'Tradeable items', "Members' items", 'Herbs']
Avantoe_potion_(unf)	27 February 2002	/w/Update:Latest_RuneScape_News_(27_February_2002)	True	True	True	True	True	True	Drop	-1	-1	-1	 1805,	 10000,	0.056	['Items', 'Grand Exchange items', 'Tradeable items', "Members' items", 'Herblore', 'Potions', 'Unfinished potions']
Avantoe_seed	6 June 2005	/w/Update:Seeds,_Bankspace_And_Advisors	True	True	True	True	True	N/A	Drop	-1	-1	-1	 1435,	 200,	0.0	['Items', 'Grand Exchange items', 'Tradeable items', 'Stackable items', "Members' items", 'Farming', 'Seeds']
